,"European Union Emissions Trading System (from 2019, download)",,,,, 
Date,Exchange rate EUR/EUR,Exchange rate EUR/USD,Market Currency,Primary Market,Secondary Market, 
2019-01-07,1,1.141640909,EUR,23.01,22.39, 
2019-01-08,1,1.141640909,EUR,22.4,, 
2019-01-10,1,1.141640909,EUR,21.4,, 
2019-01-14,1,1.141640909,EUR,21.95,23.42, 
2019-01-15,1,1.141640909,EUR,22.55,, 
2019-01-16,1,1.141640909,EUR,22.81,, 
2019-01-17,1,1.141640909,EUR,23.55,, 
2019-01-21,1,1.141640909,EUR,24.22,24.48, 
2019-01-22,1,1.141640909,EUR,24.42,, 
2019-01-24,1,1.141640909,EUR,24.6,, 
2019-01-28,1,1.141640909,EUR,23.01,22.7, 
2019-01-29,1,1.141640909,EUR,22.43,, 
2019-01-30,1,1.141640909,EUR,22.91,, 
2019-01-31,1,1.141640909,EUR,22.3,, 
2019-02-01,1,1.135115,EUR,21.38,, 
2019-02-04,1,1.135115,EUR,21.38,23.16, 
2019-02-05,1,1.135115,EUR,22.93,, 
2019-02-07,1,1.135115,EUR,23.8,, 
2019-02-08,1,1.135115,EUR,23.28,, 
2019-02-11,1,1.135115,EUR,21.8,20.85, 
2019-02-12,1,1.135115,EUR,21.71,, 
2019-02-13,1,1.135115,EUR,20.01,, 
2019-02-14,1,1.135115,EUR,20.86,, 
2019-02-15,1,1.135115,EUR,19.99,, 
2019-02-18,1,1.135115,EUR,20.14,19.69, 
2019-02-19,1,1.135115,EUR,20.26,, 
2019-02-21,1,1.135115,EUR,19.85,, 
2019-02-22,1,1.135115,EUR,18.35,, 
2019-02-25,1,1.135115,EUR,18.62,20.83, 
2019-02-26,1,1.135115,EUR,19.6,, 
2019-02-27,1,1.135115,EUR,20.31,, 
2019-02-28,1,1.135115,EUR,20.9,, 
2019-03-01,1,1.130247619,EUR,21.31,, 
2019-03-04,1,1.130247619,EUR,22.12,22.9, 
2019-03-05,1,1.130247619,EUR,22.86,, 
2019-03-07,1,1.130247619,EUR,22.03,, 
2019-03-08,1,1.130247619,EUR,22.88,, 
2019-03-11,1,1.130247619,EUR,22.6,22.42, 
2019-03-12,1,1.130247619,EUR,22.48,, 
2019-03-13,1,1.130247619,EUR,21.98,, 
2019-03-14,1,1.130247619,EUR,22.23,, 
2019-03-15,1,1.130247619,EUR,22.77,, 
2019-03-18,1,1.130247619,EUR,21.5,21.24, 
2019-03-19,1,1.130247619,EUR,21.35,, 
2019-03-21,1,1.130247619,EUR,21.1,, 
2019-03-22,1,1.130247619,EUR,20.64,, 
2019-03-25,1,1.130247619,EUR,20.6,21.63, 
2019-03-26,1,1.130247619,EUR,21.17,, 
2019-03-27,1,1.130247619,EUR,21.45,, 
2019-03-28,1,1.130247619,EUR,21.55,, 
2019-03-29,1,1.130247619,EUR,21.83,, 
2019-04-01,1,1.123825,EUR,21.06,23.22, 
2019-04-02,1,1.123825,EUR,21.4,, 
2019-04-04,1,1.123825,EUR,23.65,, 
2019-04-05,1,1.123825,EUR,24.17,, 
2019-04-08,1,1.123825,EUR,24.07,25.97, 
2019-04-09,1,1.123825,EUR,25.2,, 
2019-04-10,1,1.123825,EUR,26.21,, 
2019-04-11,1,1.123825,EUR,25.88,, 
2019-04-12,1,1.123825,EUR,26.72,, 
2019-04-15,1,1.123825,EUR,27,27.04, 
2019-04-16,1,1.123825,EUR,26.8,, 
2019-04-18,1,1.123825,EUR,26.92,, 
2019-04-22,1,1.123825,EUR,,26.99, 
2019-04-23,1,1.123825,EUR,27.17,, 
2019-04-24,1,1.123825,EUR,27.02,, 
2019-04-25,1,1.123825,EUR,27.46,, 
2019-04-26,1,1.123825,EUR,26.79,, 
2019-04-29,1,1.123825,EUR,25.81,25.67, 
2019-04-30,1,1.123825,EUR,25.85,, 
2019-05-02,1,1.118459091,EUR,25.04,, 
2019-05-03,1,1.118459091,EUR,24.32,, 
2019-05-06,1,1.118459091,EUR,,26.15, 
2019-05-07,1,1.118459091,EUR,25.65,, 
2019-05-08,1,1.118459091,EUR,26.5,, 
2019-05-09,1,1.118459091,EUR,26.81,, 
2019-05-10,1,1.118459091,EUR,26.35,, 
2019-05-13,1,1.118459091,EUR,25.25,25.49, 
2019-05-14,1,1.118459091,EUR,25.03,, 
2019-05-16,1,1.118459091,EUR,25.81,, 
2019-05-17,1,1.118459091,EUR,25.01,, 
2019-05-20,1,1.118459091,EUR,24.91,25.7, 
2019-05-21,1,1.118459091,EUR,25.01,, 
2019-05-22,1,1.118459091,EUR,25.65,, 
2019-05-23,1,1.118459091,EUR,26.05,, 
2019-05-24,1,1.118459091,EUR,25.61,, 
2019-05-27,1,1.118459091,EUR,,25.27, 
2019-05-28,1,1.118459091,EUR,25.3,, 
2019-06-03,1,1.12934,EUR,23.96,24.21, 
2019-06-04,1,1.12934,EUR,23.86,, 
2019-06-05,1,1.12934,EUR,24.42,, 
2019-06-06,1,1.12934,EUR,24.07,, 
2019-06-07,1,1.12934,EUR,24.24,, 
2019-06-10,1,1.12934,EUR,,25, 
2019-06-11,1,1.12934,EUR,25.12,, 
2019-06-13,1,1.12934,EUR,24.92,, 
2019-06-14,1,1.12934,EUR,24.67,, 
2019-06-17,1,1.12934,EUR,24.78,25.1, 
2019-06-18,1,1.12934,EUR,24.98,, 
2019-06-19,1,1.12934,EUR,24.98,, 
2019-06-20,1,1.12934,EUR,24.86,, 
2019-06-21,1,1.12934,EUR,24.87,, 
2019-06-24,1,1.12934,EUR,25.64,26.67, 
2019-06-27,1,1.12934,EUR,27.1,, 
2019-06-28,1,1.12934,EUR,26.4,, 
2019-07-01,1,1.12183913,EUR,26.72,26.51, 
2019-07-02,1,1.12183913,EUR,27.22,, 
2019-07-03,1,1.12183913,EUR,26.33,, 
2019-07-04,1,1.12183913,EUR,26.22,, 
2019-07-05,1,1.12183913,EUR,25.84,, 
2019-07-08,1,1.12183913,EUR,26.6,27.73, 
2019-07-09,1,1.12183913,EUR,26.68,, 
2019-07-11,1,1.12183913,EUR,28.5,, 
2019-07-12,1,1.12183913,EUR,28.25,, 
2019-07-15,1,1.12183913,EUR,29.15,28.53, 
2019-07-16,1,1.12183913,EUR,29.1,, 
2019-07-17,1,1.12183913,EUR,28.37,, 
2019-07-18,1,1.12183913,EUR,27.99,, 
2019-07-19,1,1.12183913,EUR,28.15,, 
2019-07-22,1,1.12183913,EUR,28.96,29.06, 
2019-07-23,1,1.12183913,EUR,29.05,, 
2019-07-25,1,1.12183913,EUR,29.46,, 
2019-07-26,1,1.12183913,EUR,28.51,, 
2019-07-29,1,1.12183913,EUR,28.8,28.6, 
2019-07-30,1,1.12183913,EUR,28.18,, 
2019-07-31,1,1.12183913,EUR,28.04,, 
2019-08-01,1,1.112622727,EUR,28.9,, 
2019-08-02,1,1.112622727,EUR,29.1,, 
2019-08-05,1,1.112622727,EUR,28.82,28.41, 
2019-08-06,1,1.112622727,EUR,28.48,, 
2019-08-08,1,1.112622727,EUR,28.68,, 
2019-08-09,1,1.112622727,EUR,28.37,, 
2019-08-12,1,1.112622727,EUR,27.7,26.53, 
2019-08-13,1,1.112622727,EUR,27.1,, 
2019-08-14,1,1.112622727,EUR,27.15,, 
2019-08-15,1,1.112622727,EUR,26.41,, 
2019-08-16,1,1.112622727,EUR,26.12,, 
2019-08-19,1,1.112622727,EUR,26.25,25.92, 
2019-08-20,1,1.112622727,EUR,26.94,, 
2019-08-22,1,1.112622727,EUR,25.78,, 
2019-08-23,1,1.112622727,EUR,25.33,, 
2019-08-26,1,1.112622727,EUR,,26.01, 
2019-08-27,1,1.112622727,EUR,25.25,, 
2019-08-28,1,1.112622727,EUR,26,, 
2019-08-29,1,1.112622727,EUR,25.93,, 
2019-08-30,1,1.112622727,EUR,26.8,, 
2019-09-02,1,1.100390476,EUR,25.4,25.31, 
2019-09-03,1,1.100390476,EUR,24.82,, 
2019-09-06,1,1.100390476,EUR,25.46,, 
2019-09-09,1,1.100390476,EUR,25.01,26.16, 
2019-09-10,1,1.100390476,EUR,25.5,, 
2019-09-11,1,1.100390476,EUR,26.34,, 
2019-09-12,1,1.100390476,EUR,26.55,, 
2019-09-13,1,1.100390476,EUR,26.22,, 
2019-09-16,1,1.100390476,EUR,26.58,26.24, 
2019-09-17,1,1.100390476,EUR,26.75,, 
2019-09-19,1,1.100390476,EUR,25.56,, 
2019-09-20,1,1.100390476,EUR,26.17,, 
2019-09-23,1,1.100390476,EUR,25.93,25.5, 
2019-09-24,1,1.100390476,EUR,25.59,, 
2019-09-25,1,1.100390476,EUR,25.17,, 
2019-09-26,1,1.100390476,EUR,25.21,, 
2019-09-27,1,1.100390476,EUR,25.3,, 
2019-09-30,1,1.100390476,EUR,25.03,24.03, 
2019-10-01,1,1.105256522,EUR,24.4,, 
2019-10-03,1,1.105256522,EUR,24.03,, 
2019-10-04,1,1.105256522,EUR,23.41,, 
2019-10-07,1,1.105256522,EUR,22.77,23.26, 
2019-10-08,1,1.105256522,EUR,23.37,, 
2019-10-09,1,1.105256522,EUR,22.32,, 
2019-10-10,1,1.105256522,EUR,22.83,, 
2019-10-11,1,1.105256522,EUR,23.62,, 
2019-10-14,1,1.105256522,EUR,23.82,25.62, 
2019-10-15,1,1.105256522,EUR,24.48,, 
2019-10-17,1,1.105256522,EUR,25.96,, 
2019-10-18,1,1.105256522,EUR,25.64,, 
2019-10-21,1,1.105256522,EUR,25.9,25.35, 
2019-10-22,1,1.105256522,EUR,25.7,, 
2019-10-23,1,1.105256522,EUR,25.09,, 
2019-10-24,1,1.105256522,EUR,24.61,, 
2019-10-25,1,1.105256522,EUR,24.86,, 
2019-10-28,1,1.105256522,EUR,24.68,25.49, 
2019-10-29,1,1.105256522,EUR,25.4,, 
2019-10-31,1,1.105256522,EUR,25.95,, 
2019-11-01,1,1.105095238,EUR,25.71,, 
2019-11-04,1,1.105095238,EUR,24.93,25.14, 
2019-11-05,1,1.105095238,EUR,25.8,, 
2019-11-06,1,1.105095238,EUR,25.18,, 
2019-11-07,1,1.105095238,EUR,24.86,, 
2019-11-08,1,1.105095238,EUR,24.62,, 
2019-11-11,1,1.105095238,EUR,25.21,24.25, 
2019-11-12,1,1.105095238,EUR,24.95,, 
2019-11-14,1,1.105095238,EUR,24.28,, 
2019-11-15,1,1.105095238,EUR,23.41,, 
2019-11-18,1,1.105095238,EUR,23.41,23.88, 
2019-11-19,1,1.105095238,EUR,23.62,, 
2019-11-20,1,1.105095238,EUR,23.34,, 
2019-11-21,1,1.105095238,EUR,23.96,, 
2019-11-22,1,1.105095238,EUR,24.32,, 
2019-11-25,1,1.105095238,EUR,24.52,24.83, 
2019-11-26,1,1.105095238,EUR,24.29,, 
2019-11-28,1,1.105095238,EUR,24.91,, 
2019-11-29,1,1.105095238,EUR,25.03,, 
2019-12-02,1,1.111345,EUR,24.62,24.54, 
2019-12-03,1,1.111345,EUR,24.41,, 
2019-12-04,1,1.111345,EUR,24.1,, 
2019-12-05,1,1.111345,EUR,24.5,, 
2019-12-06,1,1.111345,EUR,24.7,, 
2019-12-09,1,1.111345,EUR,24.4,24.73, 
2019-12-10,1,1.111345,EUR,24.98,, 
2019-12-12,1,1.111345,EUR,24.62,, 
2019-12-13,1,1.111345,EUR,25.33,, 
2019-12-16,1,1.111345,EUR,24.21,24.86, 
2019-12-30,1,1.111345,EUR,,24.68, 
2020-01-06,1,1.110036364,EUR,,24.35, 
2020-01-07,1,1.110036364,EUR,24.06,, 
2020-01-09,1,1.110036364,EUR,24.01,, 
2020-01-10,1,1.110036364,EUR,24.48,, 
2020-01-13,1,1.110036364,EUR,24.03,24.56, 
2020-01-14,1,1.110036364,EUR,23.74,, 
2020-01-15,1,1.110036364,EUR,24.08,, 
2020-01-16,1,1.110036364,EUR,24.85,, 
2020-01-17,1,1.110036364,EUR,25.01,, 
2020-01-20,1,1.110036364,EUR,25.6,24.84, 
2020-01-21,1,1.110036364,EUR,25.1,, 
2020-01-23,1,1.110036364,EUR,24.65,, 
2020-01-24,1,1.110036364,EUR,24.48,, 
2020-01-27,1,1.110036364,EUR,24.04,24.17, 
2020-01-28,1,1.110036364,EUR,24.55,, 
2020-01-29,1,1.110036364,EUR,24.04,, 
2020-01-30,1,1.110036364,EUR,23.74,, 
2020-01-31,1,1.110036364,EUR,23.48,, 
2020-02-03,1,1.0905,EUR,23.2,23.44, 
2020-02-04,1,1.0905,EUR,23.33,, 
2020-02-06,1,1.0905,EUR,23.4,, 
2020-02-07,1,1.0905,EUR,23.17,, 
2020-02-10,1,1.0905,EUR,22.91,23.81, 
2020-02-11,1,1.0905,EUR,23.15,, 
2020-02-12,1,1.0905,EUR,23.35,, 
2020-02-13,1,1.0905,EUR,23.52,, 
2020-02-14,1,1.0905,EUR,24.27,, 
2020-02-17,1,1.0905,EUR,24.11,25.43, 
2020-02-18,1,1.0905,EUR,24.8,, 
2020-02-20,1,1.0905,EUR,25.5,, 
2020-02-21,1,1.0905,EUR,25.15,, 
2020-02-24,1,1.0905,EUR,24.64,24.04, 
2020-02-25,1,1.0905,EUR,24.32,, 
2020-02-26,1,1.0905,EUR,23.85,, 
2020-02-27,1,1.0905,EUR,23.8,, 
2020-02-28,1,1.0905,EUR,23.46,, 
2020-03-02,1,1.106340909,EUR,23.96,23.59, 
2020-03-03,1,1.106340909,EUR,23.26,, 
2020-03-05,1,1.106340909,EUR,23.9,, 
2020-03-06,1,1.106340909,EUR,23.36,, 
2020-03-09,1,1.106340909,EUR,22.65,23.15, 
2020-03-10,1,1.106340909,EUR,23.76,, 
2020-03-11,1,1.106340909,EUR,23.59,, 
2020-03-12,1,1.106340909,EUR,22.85,, 
2020-03-13,1,1.106340909,EUR,22.78,, 
2020-03-16,1,1.106340909,EUR,20.64,17.12, 
2020-03-19,1,1.106340909,EUR,16.03,, 
2020-03-20,1,1.106340909,EUR,16.35,, 
2020-03-23,1,1.106340909,EUR,14.6,16.71, 
2020-03-24,1,1.106340909,EUR,16.25,, 
2020-03-25,1,1.106340909,EUR,16.95,, 
2020-03-26,1,1.106340909,EUR,16.3,, 
2020-03-27,1,1.106340909,EUR,16.55,, 
2020-03-30,1,1.106340909,EUR,16.32,17.57, 
2020-03-31,1,1.106340909,EUR,17.4,, 
2020-04-02,1,1.08619,EUR,17.52,, 
2020-04-03,1,1.08619,EUR,17.9,, 
2020-04-06,1,1.08619,EUR,18.36,20.78, 
2020-04-07,1,1.08619,EUR,21.11,, 
2020-04-08,1,1.08619,EUR,20.74,, 
2020-04-09,1,1.08619,EUR,21.4,, 
2020-04-13,1,1.08619,EUR,,20.56, 
2020-04-14,1,1.08619,EUR,20.17,, 
2020-04-16,1,1.08619,EUR,20.1,, 
2020-04-17,1,1.08619,EUR,21.87,, 
2020-04-20,1,1.08619,EUR,21.24,20.73, 
2020-04-21,1,1.08619,EUR,20.4,, 
2020-04-22,1,1.08619,EUR,19.75,, 
2020-04-23,1,1.08619,EUR,20.24,, 
2020-04-24,1,1.08619,EUR,20.49,, 
2020-04-27,1,1.08619,EUR,20.4,19.84, 
2020-04-28,1,1.08619,EUR,19.99,, 
2020-04-30,1,1.08619,EUR,19.97,, 
2020-05-04,1,1.090185,EUR,,19.27, 
2020-05-05,1,1.090185,EUR,19.01,, 
2020-05-06,1,1.090185,EUR,17.75,, 
2020-05-07,1,1.090185,EUR,19,, 
2020-05-08,1,1.090185,EUR,19.38,, 
2020-05-11,1,1.090185,EUR,18.81,18.85, 
2020-05-12,1,1.090185,EUR,18.72,, 
2020-05-14,1,1.090185,EUR,18.37,, 
2020-05-15,1,1.090185,EUR,19.02,, 
2020-05-18,1,1.090185,EUR,19.3,20.83, 
2020-05-19,1,1.090185,EUR,20.02,, 
2020-05-20,1,1.090185,EUR,20.11,, 
2020-05-25,1,1.090185,EUR,,21.44, 
2020-05-26,1,1.090185,EUR,21.45,, 
2020-05-28,1,1.090185,EUR,20.95,, 
2020-05-29,1,1.090185,EUR,21.7,, 
2020-06-01,1,1.125459091,EUR,,22.11, 
2020-06-02,1,1.125459091,EUR,21.15,, 
2020-06-03,1,1.125459091,EUR,21.98,, 
2020-06-04,1,1.125459091,EUR,21.77,, 
2020-06-05,1,1.125459091,EUR,22.5,, 
2020-06-08,1,1.125459091,EUR,22.66,22.47, 
2020-06-09,1,1.125459091,EUR,22.3,, 
2020-06-11,1,1.125459091,EUR,22.2,, 
2020-06-12,1,1.125459091,EUR,22.15,, 
2020-06-15,1,1.125459091,EUR,21.8,23.26, 
2020-06-16,1,1.125459091,EUR,22.87,, 
2020-06-17,1,1.125459091,EUR,22.81,, 
2020-06-18,1,1.125459091,EUR,23.63,, 
2020-06-19,1,1.125459091,EUR,24.18,, 
2020-06-22,1,1.125459091,EUR,24.15,25.05, 
2020-06-23,1,1.125459091,EUR,24.85,, 
2020-06-25,1,1.125459091,EUR,25.15,, 
2020-06-26,1,1.125459091,EUR,24.9,, 
2020-06-29,1,1.125459091,EUR,24.74,27.32, 
2020-06-30,1,1.125459091,EUR,25.99,, 
2020-07-01,1,1.14633913,EUR,27.1,, 
2020-07-02,1,1.14633913,EUR,27.25,, 
2020-07-03,1,1.14633913,EUR,27,, 
2020-07-06,1,1.14633913,EUR,28.86,29.21, 
2020-07-07,1,1.14633913,EUR,29.34,, 
2020-07-09,1,1.14633913,EUR,28.48,, 
2020-07-10,1,1.14633913,EUR,27.66,, 
2020-07-13,1,1.14633913,EUR,30.04,28.45, 
2020-07-14,1,1.14633913,EUR,29.2,, 
2020-07-15,1,1.14633913,EUR,29.81,, 
2020-07-16,1,1.14633913,EUR,28.13,, 
2020-07-17,1,1.14633913,EUR,26.85,, 
2020-07-20,1,1.14633913,EUR,26.85,26.62, 
2020-07-21,1,1.14633913,EUR,26.34,, 
2020-07-23,1,1.14633913,EUR,26.76,, 
2020-07-24,1,1.14633913,EUR,26.57,, 
2020-07-27,1,1.14633913,EUR,25.53,25.75, 
2020-07-28,1,1.14633913,EUR,25.03,, 
2020-07-29,1,1.14633913,EUR,25.96,, 
2020-07-30,1,1.14633913,EUR,25.34,, 
2020-07-31,1,1.14633913,EUR,26.3,, 
2020-08-03,1,1.182809524,EUR,25.81,26.51, 
2020-08-04,1,1.182809524,EUR,25.95,, 
2020-08-06,1,1.182809524,EUR,26.95,, 
2020-08-07,1,1.182809524,EUR,26.16,, 
2020-08-10,1,1.182809524,EUR,26.92,25.96, 
2020-08-11,1,1.182809524,EUR,26.71,, 
2020-08-12,1,1.182809524,EUR,25.55,, 
2020-08-13,1,1.182809524,EUR,25.94,, 
2020-08-14,1,1.182809524,EUR,25.25,, 
2020-08-17,1,1.182809524,EUR,25.42,26.13, 
2020-08-18,1,1.182809524,EUR,26.05,, 
2020-08-20,1,1.182809524,EUR,25.7,, 
2020-08-21,1,1.182809524,EUR,25.36,, 
2020-08-24,1,1.182809524,EUR,26.6,28.52, 
2020-08-25,1,1.182809524,EUR,27.33,, 
2020-08-26,1,1.182809524,EUR,28.42,, 
2020-08-27,1,1.182809524,EUR,28.03,, 
2020-08-28,1,1.182809524,EUR,29.5,, 
2020-08-31,1,1.182809524,EUR,,28.15, 
2020-09-01,1,1.179240909,EUR,28.28,, 
2020-09-04,1,1.179240909,EUR,28.8,, 
2020-09-07,1,1.179240909,EUR,26.9,27.54, 
2020-09-08,1,1.179240909,EUR,27.25,, 
2020-09-09,1,1.179240909,EUR,26.02,, 
2020-09-10,1,1.179240909,EUR,27.46,, 
2020-09-11,1,1.179240909,EUR,28.05,, 
2020-09-14,1,1.179240909,EUR,28.66,29.33, 
2020-09-15,1,1.179240909,EUR,29.99,, 
2020-09-17,1,1.179240909,EUR,29.1,, 
2020-09-18,1,1.179240909,EUR,28.36,, 
2020-09-21,1,1.179240909,EUR,27.12,26.74, 
2020-09-22,1,1.179240909,EUR,26.75,, 
2020-09-23,1,1.179240909,EUR,27.31,, 
2020-09-24,1,1.179240909,EUR,26.28,, 
2020-09-25,1,1.179240909,EUR,26.2,, 
2020-09-28,1,1.179240909,EUR,26.28,26.99, 
2020-09-29,1,1.179240909,EUR,27.09,, 
2020-10-01,1,1.177518182,EUR,26.41,, 
2020-10-02,1,1.177518182,EUR,26.11,, 
2020-10-05,1,1.177518182,EUR,26.79,26.54, 
2020-10-06,1,1.177518182,EUR,26.68,, 
2020-10-07,1,1.177518182,EUR,26.76,, 
2020-10-08,1,1.177518182,EUR,26.4,, 
2020-10-09,1,1.177518182,EUR,26,, 
2020-10-12,1,1.177518182,EUR,25.54,25.34, 
2020-10-13,1,1.177518182,EUR,25.3,, 
2020-10-15,1,1.177518182,EUR,25.15,, 
2020-10-16,1,1.177518182,EUR,25.46,, 
2020-10-19,1,1.177518182,EUR,24.85,24.52, 
2020-10-20,1,1.177518182,EUR,24.44,, 
2020-10-21,1,1.177518182,EUR,23.96,, 
2020-10-22,1,1.177518182,EUR,23.6,, 
2020-10-23,1,1.177518182,EUR,24.92,, 
2020-10-26,1,1.177518182,EUR,24.33,23.67, 
2020-10-27,1,1.177518182,EUR,23.55,, 
2020-10-29,1,1.177518182,EUR,23.07,, 
2020-10-30,1,1.177518182,EUR,23.45,, 
2020-11-02,1,1.183790476,EUR,23.02,24.91, 
2020-11-03,1,1.183790476,EUR,24.4,, 
2020-11-04,1,1.183790476,EUR,23.83,, 
2020-11-05,1,1.183790476,EUR,25.55,, 
2020-11-06,1,1.183790476,EUR,25.2,, 
2020-11-09,1,1.183790476,EUR,25.41,26.22, 
2020-11-10,1,1.183790476,EUR,26.47,, 
2020-11-12,1,1.183790476,EUR,25.9,, 
2020-11-13,1,1.183790476,EUR,26.31,, 
2020-11-16,1,1.183790476,EUR,26.67,26.86, 
2020-11-17,1,1.183790476,EUR,27.12,, 
2020-11-18,1,1.183790476,EUR,27.42,, 
2020-11-19,1,1.183790476,EUR,26.72,, 
2020-11-20,1,1.183790476,EUR,26.8,, 
2020-11-23,1,1.183790476,EUR,27.25,27.75, 
2020-11-24,1,1.183790476,EUR,26.97,, 
2020-11-26,1,1.183790476,EUR,27.77,, 
2020-11-27,1,1.183790476,EUR,28.23,, 
2020-11-30,1,1.183790476,EUR,28.82,29.33, 
2020-12-01,1,1.216972727,EUR,29.24,, 
2020-12-02,1,1.216972727,EUR,28.9,, 
2020-12-03,1,1.216972727,EUR,29.1,, 
2020-12-04,1,1.216972727,EUR,30,, 
2020-12-07,1,1.216972727,EUR,29.49,30.06, 
2020-12-08,1,1.216972727,EUR,29.69,, 
2020-12-10,1,1.216972727,EUR,30.04,, 
2020-12-11,1,1.216972727,EUR,30.45,, 
2020-12-14,1,1.216972727,EUR,30.92,30.81, 
2021-01-04,1,1.217085,EUR,,33.99, 
2021-01-11,1,1.217085,EUR,,33.62, 
2021-01-18,1,1.217085,EUR,,33.19, 
2021-01-25,1,1.217085,EUR,,33.34, 
2021-01-29,1,1.217085,EUR,33.51,, 
2021-02-01,1,1.20979,EUR,32.66,36.14, 
2021-02-02,1,1.20979,EUR,33.2,, 
2021-02-03,1,1.20979,EUR,38,, 
2021-02-04,1,1.20979,EUR,36.51,, 
2021-02-05,1,1.20979,EUR,37.61,, 
2021-02-08,1,1.20979,EUR,38.62,39, 
2021-02-09,1,1.20979,EUR,37.58,, 
2021-02-10,1,1.20979,EUR,37.7,, 
2021-02-11,1,1.20979,EUR,39.62,, 
2021-02-12,1,1.20979,EUR,37.8,, 
2021-02-15,1,1.20979,EUR,39.82,38.44, 
2021-02-16,1,1.20979,EUR,40.19,, 
2021-02-17,1,1.20979,EUR,38.42,, 
2021-02-18,1,1.20979,EUR,38.01,, 
2021-02-19,1,1.20979,EUR,38.36,, 
2021-02-22,1,1.20979,EUR,36.84,38.26, 
2021-02-23,1,1.20979,EUR,37.5,, 
2021-02-24,1,1.20979,EUR,38.42,, 
2021-02-25,1,1.20979,EUR,38.88,, 
2021-02-26,1,1.20979,EUR,37.51,, 
2021-03-01,1,1.189908696,EUR,37.66,38.03, 
2021-03-02,1,1.189908696,EUR,37.25,, 
2021-03-03,1,1.189908696,EUR,37.56,, 
2021-03-04,1,1.189908696,EUR,36.9,, 
2021-03-05,1,1.189908696,EUR,38.08,, 
2021-03-08,1,1.189908696,EUR,38.41,41.22, 
2021-03-09,1,1.189908696,EUR,39.4,, 
2021-03-10,1,1.189908696,EUR,41,, 
2021-03-11,1,1.189908696,EUR,40.92,, 
2021-03-12,1,1.189908696,EUR,41.52,, 
2021-03-15,1,1.189908696,EUR,42.84,42.27, 
2021-03-16,1,1.189908696,EUR,41.92,, 
2021-03-17,1,1.189908696,EUR,41.9,, 
2021-03-18,1,1.189908696,EUR,43.35,, 
2021-03-19,1,1.189908696,EUR,41.91,, 
2021-03-22,1,1.189908696,EUR,41.8,41.59, 
2021-03-23,1,1.189908696,EUR,41.77,, 
2021-03-24,1,1.189908696,EUR,40.94,, 
2021-03-25,1,1.189908696,EUR,40.69,, 
2021-03-26,1,1.189908696,EUR,40.86,, 
2021-03-29,1,1.189908696,EUR,40.71,42.23, 
2021-03-30,1,1.189908696,EUR,42.25,, 
2021-03-31,1,1.189908696,EUR,42.26,, 
2021-04-01,1,1.19791,EUR,42.04,, 
2021-04-05,1,1.19791,EUR,,43.54, 
2021-04-06,1,1.19791,EUR,43.05,, 
2021-04-07,1,1.19791,EUR,43.63,, 
2021-04-08,1,1.19791,EUR,43.45,, 
2021-04-09,1,1.19791,EUR,43.18,, 
2021-04-12,1,1.19791,EUR,43.86,44.15, 
2021-04-13,1,1.19791,EUR,44.1,, 
2021-04-14,1,1.19791,EUR,43.53,, 
2021-04-15,1,1.19791,EUR,43.99,, 
2021-04-16,1,1.19791,EUR,44.5,, 
2021-04-19,1,1.19791,EUR,44.66,45.84, 
2021-04-20,1,1.19791,EUR,44.2,, 
2021-04-21,1,1.19791,EUR,44.85,, 
2021-04-22,1,1.19791,EUR,46.6,, 
2021-04-23,1,1.19791,EUR,46.41,, 
2021-04-26,1,1.19791,EUR,47.24,47.83, 
2021-04-27,1,1.19791,EUR,46.55,, 
2021-04-28,1,1.19791,EUR,48,, 
2021-04-29,1,1.19791,EUR,47.25,, 
2021-04-30,1,1.19791,EUR,47.68,, 
2021-05-03,1,1.214590476,EUR,,49.57, 
2021-05-04,1,1.214590476,EUR,49.33,, 
2021-05-05,1,1.214590476,EUR,48.62,, 
2021-05-06,1,1.214590476,EUR,49.45,, 
2021-05-07,1,1.214590476,EUR,49.46,, 
2021-05-10,1,1.214590476,EUR,51.81,54.34, 
2021-05-11,1,1.214590476,EUR,51.59,, 
2021-05-12,1,1.214590476,EUR,54.22,, 
2021-05-17,1,1.214590476,EUR,55.57,52.71, 
2021-05-18,1,1.214590476,EUR,55.53,, 
2021-05-19,1,1.214590476,EUR,52.12,, 
2021-05-20,1,1.214590476,EUR,50.84,, 
2021-05-21,1,1.214590476,EUR,52.71,, 
2021-05-24,1,1.214590476,EUR,,52.53, 
2021-05-25,1,1.214590476,EUR,53.09,, 
2021-05-26,1,1.214590476,EUR,54.07,, 
2021-05-27,1,1.214590476,EUR,52.11,, 
2021-05-28,1,1.214590476,EUR,51.08,, 
2021-05-31,1,1.214590476,EUR,,51.14, 
2021-06-01,1,1.204709091,EUR,52.58,, 
2021-06-02,1,1.204709091,EUR,51.5,, 
2021-06-03,1,1.204709091,EUR,51.9,, 
2021-06-04,1,1.204709091,EUR,49.55,, 
2021-06-07,1,1.204709091,EUR,48.56,52.72, 
2021-06-08,1,1.204709091,EUR,52.03,, 
2021-06-09,1,1.204709091,EUR,53.7,, 
2021-06-10,1,1.204709091,EUR,53.3,, 
2021-06-11,1,1.204709091,EUR,53.12,, 
2021-06-14,1,1.204709091,EUR,53.6,51.69, 
2021-06-15,1,1.204709091,EUR,51.18,, 
2021-06-16,1,1.204709091,EUR,50.83,, 
2021-06-17,1,1.204709091,EUR,50.84,, 
2021-06-18,1,1.204709091,EUR,51.51,, 
2021-06-21,1,1.204709091,EUR,52.09,54.13, 
2021-06-22,1,1.204709091,EUR,52.97,, 
2021-06-23,1,1.204709091,EUR,53.62,, 
2021-06-24,1,1.204709091,EUR,54.85,, 
2021-06-25,1,1.204709091,EUR,55.69,, 
2021-06-28,1,1.204709091,EUR,55.06,56.5, 
2021-06-29,1,1.204709091,EUR,55.39,, 
2021-06-30,1,1.204709091,EUR,55.57,, 
2021-07-01,1,1.182181818,EUR,58.01,, 
2021-07-02,1,1.182181818,EUR,57.11,, 
2021-07-05,1,1.182181818,EUR,57.91,54.22, 
2021-07-06,1,1.182181818,EUR,57.15,, 
2021-07-07,1,1.182181818,EUR,53.15,, 
2021-07-08,1,1.182181818,EUR,51.09,, 
2021-07-09,1,1.182181818,EUR,53.85,, 
2021-07-12,1,1.182181818,EUR,52.5,52.76, 
2021-07-13,1,1.182181818,EUR,52.44,, 
2021-07-14,1,1.182181818,EUR,52,, 
2021-07-15,1,1.182181818,EUR,52.28,, 
2021-07-16,1,1.182181818,EUR,53.33,, 
2021-07-19,1,1.182181818,EUR,53.55,51.49, 
2021-07-20,1,1.182181818,EUR,51.74,, 
2021-07-21,1,1.182181818,EUR,51.7,, 
2021-07-22,1,1.182181818,EUR,51.44,, 
2021-07-23,1,1.182181818,EUR,50.13,, 
2021-07-26,1,1.182181818,EUR,51.79,53.47, 
2021-07-27,1,1.182181818,EUR,52.8,, 
2021-07-28,1,1.182181818,EUR,53.45,, 
2021-07-29,1,1.182181818,EUR,54.02,, 
2021-07-30,1,1.182181818,EUR,53,, 
2021-08-02,1,1.177181818,EUR,54.6,55.34, 
2021-08-03,1,1.177181818,EUR,54.17,, 
2021-08-04,1,1.177181818,EUR,55,, 
2021-08-05,1,1.177181818,EUR,54.84,, 
2021-08-06,1,1.177181818,EUR,56.72,, 
2021-08-09,1,1.177181818,EUR,56,56.69, 
2021-08-10,1,1.177181818,EUR,57.1,, 
2021-08-11,1,1.177181818,EUR,56.69,, 
2021-08-12,1,1.177181818,EUR,57.36,, 
2021-08-13,1,1.177181818,EUR,55.6,, 
2021-08-16,1,1.177181818,EUR,57.18,56.08, 
2021-08-17,1,1.177181818,EUR,57.4,, 
2021-08-18,1,1.177181818,EUR,57.7,, 
2021-08-19,1,1.177181818,EUR,55.81,, 
2021-08-20,1,1.177181818,EUR,54.4,, 
2021-08-23,1,1.177181818,EUR,55.95,56.88, 
2021-08-24,1,1.177181818,EUR,55.72,, 
2021-08-25,1,1.177181818,EUR,56.63,, 
2021-08-26,1,1.177181818,EUR,55.61,, 
2021-08-27,1,1.177181818,EUR,57.51,, 
2021-08-30,1,1.177181818,EUR,,60.9, 
2021-08-31,1,1.177181818,EUR,60.11,, 
2021-09-01,1,1.177031818,EUR,61.29,, 
2021-09-03,1,1.177031818,EUR,61.25,, 
2021-09-06,1,1.177031818,EUR,62.87,62.08, 
2021-09-07,1,1.177031818,EUR,61.71,, 
2021-09-08,1,1.177031818,EUR,61.93,, 
2021-09-09,1,1.177031818,EUR,61.98,, 
2021-09-10,1,1.177031818,EUR,61.85,, 
2021-09-13,1,1.177031818,EUR,61.91,59.91, 
2021-09-14,1,1.177031818,EUR,61.51,, 
2021-09-15,1,1.177031818,EUR,60,, 
2021-09-16,1,1.177031818,EUR,59.89,, 
2021-09-17,1,1.177031818,EUR,59.6,, 
2021-09-20,1,1.177031818,EUR,58.56,60.98, 
2021-09-21,1,1.177031818,EUR,60.31,, 
2021-09-22,1,1.177031818,EUR,60.02,, 
2021-09-23,1,1.177031818,EUR,59.45,, 
2021-09-24,1,1.177031818,EUR,61.24,, 
2021-09-27,1,1.177031818,EUR,64,62.59, 
2021-09-28,1,1.177031818,EUR,65,, 
2021-09-29,1,1.177031818,EUR,61.83,, 
2021-09-30,1,1.177031818,EUR,61.37,, 
2021-10-01,1,1.160147619,EUR,62.04,, 
2021-10-04,1,1.160147619,EUR,63.56,61.19, 
2021-10-05,1,1.160147619,EUR,63.66,, 
2021-10-06,1,1.160147619,EUR,61.36,, 
2021-10-07,1,1.160147619,EUR,58.99,, 
2021-10-08,1,1.160147619,EUR,59.92,, 
2021-10-11,1,1.160147619,EUR,59.33,59.61, 
2021-10-12,1,1.160147619,EUR,58.86,, 
2021-10-13,1,1.160147619,EUR,58.75,, 
2021-10-14,1,1.160147619,EUR,59.43,, 
2021-10-15,1,1.160147619,EUR,61.01,, 
2021-10-18,1,1.160147619,EUR,58.85,57.43, 
2021-10-19,1,1.160147619,EUR,57.58,, 
2021-10-20,1,1.160147619,EUR,56,, 
2021-10-21,1,1.160147619,EUR,57.1,, 
2021-10-22,1,1.160147619,EUR,59.5,, 
2021-10-25,1,1.160147619,EUR,58.94,59.2, 
2021-10-26,1,1.160147619,EUR,58.96,, 
2021-10-27,1,1.160147619,EUR,58.92,, 
2021-10-28,1,1.160147619,EUR,58.93,, 
2021-10-29,1,1.160147619,EUR,59.4,, 
2021-11-01,1,1.141404545,EUR,59.98,59.09, 
2021-11-02,1,1.141404545,EUR,57.8,, 
2021-11-03,1,1.141404545,EUR,59.78,, 
2021-11-04,1,1.141404545,EUR,59.81,, 
2021-11-05,1,1.141404545,EUR,61.05,, 
2021-11-08,1,1.141404545,EUR,60.06,62.23, 
2021-11-09,1,1.141404545,EUR,60.11,, 
2021-11-10,1,1.141404545,EUR,61.53,, 
2021-11-11,1,1.141404545,EUR,62.31,, 
2021-11-12,1,1.141404545,EUR,63.53,, 
2021-11-15,1,1.141404545,EUR,64.4,67.82, 
2021-11-16,1,1.141404545,EUR,67.5,, 
2021-11-17,1,1.141404545,EUR,67.14,, 
2021-11-18,1,1.141404545,EUR,66.51,, 
2021-11-19,1,1.141404545,EUR,69.21,, 
2021-11-22,1,1.141404545,EUR,69.7,71.85, 
2021-11-23,1,1.141404545,EUR,69.88,, 
2021-11-24,1,1.141404545,EUR,69.51,, 
2021-11-25,1,1.141404545,EUR,72.15,, 
2021-11-26,1,1.141404545,EUR,71.95,, 
2021-11-29,1,1.141404545,EUR,74.48,76.9, 
2021-11-30,1,1.141404545,EUR,74.82,, 
2021-12-01,1,1.130378261,EUR,76.38,, 
2021-12-02,1,1.130378261,EUR,77.1,, 
2021-12-03,1,1.130378261,EUR,78.76,, 
2021-12-06,1,1.130378261,EUR,80,83.79, 
2021-12-07,1,1.130378261,EUR,82.87,, 
2021-12-08,1,1.130378261,EUR,87.45,, 
2021-12-09,1,1.130378261,EUR,84.93,, 
2021-12-10,1,1.130378261,EUR,79.83,, 
2021-12-13,1,1.130378261,EUR,85,80.03, 
2021-12-14,1,1.130378261,EUR,79.99,, 
2021-12-15,1,1.130378261,EUR,79.29,, 
2021-12-16,1,1.130378261,EUR,80.5,, 
2021-12-17,1,1.130378261,EUR,82.25,, 
2021-12-20,1,1.130378261,EUR,74.57,79.38, 
2022-01-03,1,1.131447619,EUR,,85.73, 
2022-01-10,1,1.131447619,EUR,82.71,80.81, 
2022-01-11,1,1.131447619,EUR,81.9,, 
2022-01-13,1,1.131447619,EUR,79.05,, 
2022-01-14,1,1.131447619,EUR,81.52,, 
2022-01-17,1,1.131447619,EUR,80.21,83.08, 
2022-01-18,1,1.131447619,EUR,79.22,, 
2022-01-19,1,1.131447619,EUR,80.7,, 
2022-01-20,1,1.131447619,EUR,80.8,, 
2022-01-21,1,1.131447619,EUR,84.03,, 
2022-01-24,1,1.131447619,EUR,85.75,87.82, 
2022-01-25,1,1.131447619,EUR,84.48,, 
2022-01-27,1,1.131447619,EUR,88.51,, 
2022-01-28,1,1.131447619,EUR,89.25,, 
2022-01-31,1,1.131447619,EUR,88.03,92.85, 
2022-02-02,1,1.13419,EUR,91.61,, 
2022-02-03,1,1.13419,EUR,92.65,, 
2022-02-04,1,1.13419,EUR,94.65,, 
2022-02-07,1,1.13419,EUR,93.5,93.61, 
2022-02-08,1,1.13419,EUR,97.51,, 
2022-02-09,1,1.13419,EUR,96.53,, 
2022-02-10,1,1.13419,EUR,90.6,, 
2022-02-11,1,1.13419,EUR,89.98,, 
2022-02-14,1,1.13419,EUR,90.73,89.73, 
2022-02-15,1,1.13419,EUR,90.35,, 
2022-02-16,1,1.13419,EUR,88.05,, 
2022-02-17,1,1.13419,EUR,87.5,, 
2022-02-18,1,1.13419,EUR,87.65,, 
2022-02-21,1,1.13419,EUR,87.99,89.94, 
2022-02-22,1,1.13419,EUR,88.4,, 
2022-02-23,1,1.13419,EUR,92.8,, 
2022-02-24,1,1.13419,EUR,88,, 
2022-02-25,1,1.13419,EUR,86.9,, 
2022-02-28,1,1.13419,EUR,80.92,70.4, 
2022-03-01,1,1.101895652,EUR,79.96,, 
2022-03-03,1,1.101895652,EUR,63.87,, 
2022-03-04,1,1.101895652,EUR,67.22,, 
2022-03-07,1,1.101895652,EUR,57.91,70.63, 
2022-03-08,1,1.101895652,EUR,62.01,, 
2022-03-10,1,1.101895652,EUR,70.04,, 
2022-03-11,1,1.101895652,EUR,76.5,, 
2022-03-14,1,1.101895652,EUR,78.6,78.53, 
2022-03-15,1,1.101895652,EUR,75.55,, 
2022-03-16,1,1.101895652,EUR,75.25,, 
2022-03-17,1,1.101895652,EUR,76.87,, 
2022-03-18,1,1.101895652,EUR,79.21,, 
2022-03-21,1,1.101895652,EUR,77.76,78.5, 
2022-03-22,1,1.101895652,EUR,79.05,, 
2022-03-24,1,1.101895652,EUR,76.15,, 
2022-03-25,1,1.101895652,EUR,78.5,, 
2022-03-28,1,1.101895652,EUR,80.76,79.16, 
2022-03-29,1,1.101895652,EUR,80.51,, 
2022-03-30,1,1.101895652,EUR,77.22,, 
2022-03-31,1,1.101895652,EUR,79.25,, 
2022-04-01,1,1.081873684,EUR,78,, 
2022-04-04,1,1.081873684,EUR,77.5,78.75, 
2022-04-05,1,1.081873684,EUR,78.33,, 
2022-04-06,1,1.081873684,EUR,78.34,, 
2022-04-07,1,1.081873684,EUR,77.13,, 
2022-04-08,1,1.081873684,EUR,80.21,, 
2022-04-11,1,1.081873684,EUR,79.02,78.59, 
2022-04-12,1,1.081873684,EUR,77.36,, 
2022-04-13,1,1.081873684,EUR,77.27,, 
2022-04-14,1,1.081873684,EUR,78.8,, 
2022-04-18,1,1.081873684,EUR,,84.68, 
2022-04-19,1,1.081873684,EUR,79.4,, 
2022-04-21,1,1.081873684,EUR,85.9,, 
2022-04-22,1,1.081873684,EUR,87.4,, 
2022-04-25,1,1.081873684,EUR,85.81,82.86, 
2022-04-26,1,1.081873684,EUR,83.43,, 
2022-04-27,1,1.081873684,EUR,79.99,, 
2022-04-28,1,1.081873684,EUR,80.55,, 
2022-04-29,1,1.081873684,EUR,82.86,, 
2022-05-02,1,1.05785,EUR,82.84,88, 
2022-05-03,1,1.05785,EUR,84.25,, 
2022-05-05,1,1.05785,EUR,87.8,, 
2022-05-06,1,1.05785,EUR,90.77,, 
2022-05-09,1,1.05785,EUR,90.11,87.99, 
2022-05-10,1,1.05785,EUR,86.5,, 
2022-05-11,1,1.05785,EUR,89,, 
2022-05-12,1,1.05785,EUR,86.95,, 
2022-05-13,1,1.05785,EUR,88.75,, 
2022-05-16,1,1.05785,EUR,88.81,85.9, 
2022-05-17,1,1.05785,EUR,90.33,, 
2022-05-18,1,1.05785,EUR,87.25,, 
2022-05-19,1,1.05785,EUR,82.28,, 
2022-05-20,1,1.05785,EUR,81.15,, 
2022-05-23,1,1.05785,EUR,78.96,81.97, 
2022-05-24,1,1.05785,EUR,78.88,, 
2022-05-25,1,1.05785,EUR,80.43,, 
2022-05-30,1,1.05785,EUR,83.75,85.46, 
2022-05-31,1,1.05785,EUR,83.63,, 
2022-06-06,1,1.056581818,EUR,,81.08, 
2022-06-07,1,1.056581818,EUR,81.69,, 
2022-06-08,1,1.056581818,EUR,79.11,, 
2022-06-09,1,1.056581818,EUR,80.21,, 
2022-06-10,1,1.056581818,EUR,80.73,, 
2022-06-13,1,1.056581818,EUR,80.1,83.45, 
2022-06-14,1,1.056581818,EUR,82.31,, 
2022-06-15,1,1.056581818,EUR,84.45,, 
2022-06-16,1,1.056581818,EUR,85.95,, 
2022-06-17,1,1.056581818,EUR,83,, 
2022-06-20,1,1.056581818,EUR,83.51,83.63, 
2022-06-21,1,1.056581818,EUR,84.26,, 
2022-06-22,1,1.056581818,EUR,83.06,, 
2022-06-23,1,1.056581818,EUR,81.07,, 
2022-06-24,1,1.056581818,EUR,82.9,, 
2022-06-27,1,1.056581818,EUR,83.01,87.31, 
2022-06-28,1,1.056581818,EUR,84.54,, 
2022-06-30,1,1.056581818,EUR,88.02,, 
2022-07-01,1,1.017890476,EUR,88.22,, 
2022-07-04,1,1.017890476,EUR,84.34,83.73, 
2022-07-05,1,1.017890476,EUR,83.38,, 
2022-07-06,1,1.017890476,EUR,82.63,, 
2022-07-07,1,1.017890476,EUR,83.36,, 
2022-07-08,1,1.017890476,EUR,82.63,, 
2022-07-11,1,1.017890476,EUR,83.4,84.64, 
2022-07-12,1,1.017890476,EUR,83.89,, 
2022-07-14,1,1.017890476,EUR,83,, 
2022-07-15,1,1.017890476,EUR,83.71,, 
2022-07-18,1,1.017890476,EUR,83.33,80.37, 
2022-07-19,1,1.017890476,EUR,83.61,, 
2022-07-20,1,1.017890476,EUR,81.22,, 
2022-07-21,1,1.017890476,EUR,77.6,, 
2022-07-22,1,1.017890476,EUR,78.06,, 
2022-07-25,1,1.017890476,EUR,76.09,77.34, 
2022-07-26,1,1.017890476,EUR,76.51,, 
2022-07-28,1,1.017890476,EUR,77.08,, 
2022-07-29,1,1.017890476,EUR,77.96,, 
2022-08-01,1,1.012843478,EUR,79.5,83.09, 
2022-08-02,1,1.012843478,EUR,80.51,, 
2022-08-03,1,1.012843478,EUR,83.45,, 
2022-08-04,1,1.012843478,EUR,83.81,, 
2022-08-05,1,1.012843478,EUR,84.5,, 
2022-08-08,1,1.012843478,EUR,84.6,86.42, 
2022-08-09,1,1.012843478,EUR,84.06,, 
2022-08-11,1,1.012843478,EUR,86.35,, 
2022-08-12,1,1.012843478,EUR,87.3,, 
2022-08-15,1,1.012843478,EUR,89.5,94.54, 
2022-08-16,1,1.012843478,EUR,90.64,, 
2022-08-17,1,1.012843478,EUR,94.07,, 
2022-08-18,1,1.012843478,EUR,94,, 
2022-08-19,1,1.012843478,EUR,96.87,, 
2022-08-22,1,1.012843478,EUR,97.5,90.06, 
2022-08-23,1,1.012843478,EUR,92.52,, 
2022-08-25,1,1.012843478,EUR,89.3,, 
2022-08-26,1,1.012843478,EUR,89.56,, 
2022-08-29,1,1.012843478,EUR,88.81,81.24, 
2022-08-30,1,1.012843478,EUR,85.13,, 
2022-08-31,1,1.012843478,EUR,78.96,, 
2022-09-01,1,0.990377273,EUR,77.01,, 
2022-09-02,1,0.990377273,EUR,78.41,, 
2022-09-05,1,0.990377273,EUR,73.75,69.34, 
2022-09-06,1,0.990377273,EUR,71.05,, 
2022-09-07,1,0.990377273,EUR,69.06,, 
2022-09-09,1,0.990377273,EUR,65.21,, 
2022-09-12,1,0.990377273,EUR,65.96,71.85, 
2022-09-13,1,0.990377273,EUR,70.48,, 
2022-09-14,1,0.990377273,EUR,68.29,, 
2022-09-15,1,0.990377273,EUR,70.84,, 
2022-09-16,1,0.990377273,EUR,71,, 
2022-09-19,1,0.990377273,EUR,71.11,69.65, 
2022-09-20,1,0.990377273,EUR,70.38,, 
2022-09-21,1,0.990377273,EUR,70.39,, 
2022-09-22,1,0.990377273,EUR,69.88,, 
2022-09-23,1,0.990377273,EUR,67.56,, 
2022-09-26,1,0.990377273,EUR,66.02,67.18, 
2022-09-27,1,0.990377273,EUR,67.7,, 
2022-09-28,1,0.990377273,EUR,64.71,, 
2022-09-29,1,0.990377273,EUR,64.7,, 
2022-09-30,1,0.990377273,EUR,66.87,, 
2022-10-03,1,0.982566667,EUR,64.45,67.75, 
2022-10-04,1,0.982566667,EUR,66.17,, 
2022-10-06,1,0.982566667,EUR,65.76,, 
2022-10-07,1,0.982566667,EUR,67.52,, 
2022-10-10,1,0.982566667,EUR,67.01,67.34, 
2022-10-11,1,0.982566667,EUR,66.34,, 
2022-10-12,1,0.982566667,EUR,65.76,, 
2022-10-13,1,0.982566667,EUR,66.65,, 
2022-10-14,1,0.982566667,EUR,67.7,, 
2022-10-17,1,0.982566667,EUR,66.25,67.63, 
2022-10-18,1,0.982566667,EUR,67.11,, 
2022-10-19,1,0.982566667,EUR,68.62,, 
2022-10-20,1,0.982566667,EUR,67.01,, 
2022-10-21,1,0.982566667,EUR,67.9,, 
2022-10-24,1,0.982566667,EUR,68.02,77.33, 
2022-10-25,1,0.982566667,EUR,74.17,, 
2022-10-26,1,0.982566667,EUR,76.51,, 
2022-10-27,1,0.982566667,EUR,77.1,, 
2022-10-28,1,0.982566667,EUR,80.76,, 
2022-10-31,1,0.982566667,EUR,78.69,77.21, 
2022-11-01,1,1.020127273,EUR,78.76,, 
2022-11-03,1,1.020127273,EUR,76.63,, 
2022-11-04,1,1.020127273,EUR,78.14,, 
2022-11-07,1,1.020127273,EUR,76.75,75.04, 
2022-11-08,1,1.020127273,EUR,76.02,, 
2022-11-09,1,1.020127273,EUR,75.35,, 
2022-11-10,1,1.020127273,EUR,71.62,, 
2022-11-11,1,1.020127273,EUR,73.33,, 
2022-11-14,1,1.020127273,EUR,74.85,74.03, 
2022-11-15,1,1.020127273,EUR,74.93,, 
2022-11-16,1,1.020127273,EUR,74.25,, 
2022-11-17,1,1.020127273,EUR,73.31,, 
2022-11-18,1,1.020127273,EUR,72.22,, 
2022-11-21,1,1.020127273,EUR,73.36,76.3, 
2022-11-22,1,1.020127273,EUR,73.54,, 
2022-11-23,1,1.020127273,EUR,74.08,, 
2022-11-24,1,1.020127273,EUR,76.64,, 
2022-11-25,1,1.020127273,EUR,79.36,, 
2022-11-28,1,1.020127273,EUR,77.61,83.53, 
2022-11-29,1,1.020127273,EUR,78.88,, 
2022-12-01,1,1.058880952,EUR,86.11,, 
2022-12-02,1,1.058880952,EUR,85.21,, 
2022-12-05,1,1.058880952,EUR,85.69,87.92, 
2022-12-06,1,1.058880952,EUR,86.48,, 
2022-12-07,1,1.058880952,EUR,87,, 
2022-12-08,1,1.058880952,EUR,87.91,, 
2022-12-09,1,1.058880952,EUR,88.26,, 
2022-12-12,1,1.058880952,EUR,88.35,86.95, 
2022-12-13,1,1.058880952,EUR,89.01,, 
2022-12-15,1,1.058880952,EUR,86.16,, 
2022-12-16,1,1.058880952,EUR,83.41,, 
2022-12-19,1,1.058880952,EUR,84.1,84.11, 
2022-12-26,1,1.058880952,EUR,,80.77, 
2023-01-02,1,1.0769,EUR,,80.22, 
2023-01-09,1,1.0769,EUR,75.27,81.87, 
2023-01-10,1,1.0769,EUR,78.61,, 
2023-01-12,1,1.0769,EUR,76.8,, 
2023-01-13,1,1.0769,EUR,76.42,, 
2023-01-16,1,1.0769,EUR,75.05,85.94, 
2023-01-17,1,1.0769,EUR,75.04,, 
2023-01-18,1,1.0769,EUR,76.25,, 
2023-01-19,1,1.0769,EUR,82.06,, 
2023-01-20,1,1.0769,EUR,81.01,, 
2023-01-23,1,1.0769,EUR,81.52,92.87, 
2023-01-24,1,1.0769,EUR,80.88,, 
2023-01-25,1,1.0769,EUR,78.29,, 
2023-01-26,1,1.0769,EUR,83.51,, 
2023-01-27,1,1.0769,EUR,86.71,, 
2023-01-30,1,1.0769,EUR,85.2,91.09, 
2023-01-31,1,1.0769,EUR,86.68,, 
2023-02-01,1,1.07151,EUR,91.91,, 
2023-02-02,1,1.07151,EUR,93.5,, 
2023-02-03,1,1.07151,EUR,91.15,, 
2023-02-06,1,1.07151,EUR,91.78,94.49, 
2023-02-07,1,1.07151,EUR,87.52,, 
2023-02-09,1,1.07151,EUR,87.36,, 
2023-02-10,1,1.07151,EUR,89.7,, 
2023-02-13,1,1.07151,EUR,88.86,98.09, 
2023-02-14,1,1.07151,EUR,89.96,, 
2023-02-15,1,1.07151,EUR,87.75,, 
2023-02-16,1,1.07151,EUR,92.85,, 
2023-02-17,1,1.07151,EUR,93.69,, 
2023-02-20,1,1.07151,EUR,93.73,96.5, 
2023-02-21,1,1.07151,EUR,95.35,, 
2023-02-23,1,1.07151,EUR,93.26,, 
2023-02-24,1,1.07151,EUR,95.83,, 
2023-02-27,1,1.07151,EUR,95.12,96.95, 
2023-02-28,1,1.07151,EUR,96.33,, 
2023-03-01,1,1.070582609,EUR,95.89,, 
2023-03-02,1,1.070582609,EUR,93.25,, 
2023-03-03,1,1.070582609,EUR,88.81,, 
2023-03-06,1,1.070582609,EUR,91.01,90.67, 
2023-03-07,1,1.070582609,EUR,91.56,, 
2023-03-09,1,1.070582609,EUR,95.43,, 
2023-03-10,1,1.070582609,EUR,95.16,, 
2023-03-13,1,1.070582609,EUR,94.36,89.49, 
2023-03-14,1,1.070582609,EUR,92.34,, 
2023-03-15,1,1.070582609,EUR,90.31,, 
2023-03-16,1,1.070582609,EUR,83.25,, 
2023-03-17,1,1.070582609,EUR,86.5,, 
2023-03-20,1,1.070582609,EUR,82.46,89.98, 
2023-03-21,1,1.070582609,EUR,87.14,, 
2023-03-22,1,1.070582609,EUR,86.14,, 
2023-03-23,1,1.070582609,EUR,88.27,, 
2023-03-24,1,1.070582609,EUR,88.09,, 
2023-03-27,1,1.070582609,EUR,85.18,96, 
2023-03-28,1,1.070582609,EUR,86.54,, 
2023-03-29,1,1.070582609,EUR,87.16,, 
2023-03-30,1,1.070582609,EUR,87.42,, 
2023-03-31,1,1.070582609,EUR,88.61,, 
2023-04-03,1,1.096772222,EUR,89.82,95.66, 
2023-04-04,1,1.096772222,EUR,94.12,, 
2023-04-06,1,1.096772222,EUR,94.3,, 
2023-04-10,1,1.096772222,EUR,,92.9, 
2023-04-11,1,1.096772222,EUR,95.52,, 
2023-04-12,1,1.096772222,EUR,93.9,, 
2023-04-13,1,1.096772222,EUR,90.51,, 
2023-04-14,1,1.096772222,EUR,92.3,, 
2023-04-17,1,1.096772222,EUR,90.55,86.88, 
2023-04-18,1,1.096772222,EUR,90.55,, 
2023-04-20,1,1.096772222,EUR,90.68,, 
2023-04-21,1,1.096772222,EUR,88.6,, 
2023-04-24,1,1.096772222,EUR,85.7,85.79, 
2023-04-25,1,1.096772222,EUR,84.73,, 
2023-04-26,1,1.096772222,EUR,83.31,, 
2023-04-27,1,1.096772222,EUR,85,, 
2023-04-28,1,1.096772222,EUR,84,, 
2023-05-01,1,1.08675,EUR,,87.71, 
2023-05-02,1,1.08675,EUR,83.24,, 
2023-05-04,1,1.08675,EUR,82.23,, 
2023-05-05,1,1.08675,EUR,84.38,, 
2023-05-08,1,1.08675,EUR,82.99,88.69, 
2023-05-09,1,1.08675,EUR,83.84,, 
2023-05-10,1,1.08675,EUR,85.85,, 
2023-05-11,1,1.08675,EUR,86.75,, 
2023-05-12,1,1.08675,EUR,86.67,, 
2023-05-15,1,1.08675,EUR,85.7,84.74, 
2023-05-16,1,1.08675,EUR,85.05,, 
2023-05-17,1,1.08675,EUR,85.58,, 
2023-05-22,1,1.08675,EUR,85.2,80.42, 
2023-05-23,1,1.08675,EUR,84.32,, 
2023-05-24,1,1.08675,EUR,83,, 
2023-05-25,1,1.08675,EUR,81.12,, 
2023-05-26,1,1.08675,EUR,81.11,, 
2023-05-29,1,1.08675,EUR,,83.69, 
2023-05-30,1,1.08675,EUR,79.79,, 
2023-06-01,1,1.083986364,EUR,78.62,, 
2023-06-02,1,1.083986364,EUR,78.2,, 
2023-06-05,1,1.083986364,EUR,78.55,91.33, 
2023-06-06,1,1.083986364,EUR,80.07,, 
2023-06-07,1,1.083986364,EUR,78.25,, 
2023-06-08,1,1.083986364,EUR,81.54,, 
2023-06-09,1,1.083986364,EUR,83.11,, 
2023-06-12,1,1.083986364,EUR,83.45,91.12, 
2023-06-13,1,1.083986364,EUR,86.44,, 
2023-06-15,1,1.083986364,EUR,91.67,, 
2023-06-16,1,1.083986364,EUR,89.3,, 
2023-06-19,1,1.083986364,EUR,90.16,87.96, 
2023-06-20,1,1.083986364,EUR,91.55,, 
2023-06-21,1,1.083986364,EUR,90.35,, 
2023-06-22,1,1.083986364,EUR,87.11,, 
2023-06-23,1,1.083986364,EUR,88.9,, 
2023-06-26,1,1.083986364,EUR,86.01,86.5, 
2023-06-27,1,1.083986364,EUR,85.35,, 
2023-06-29,1,1.083986364,EUR,86.6,, 
2023-06-30,1,1.083986364,EUR,85.31,, 
2023-07-03,1,1.105814286,EUR,87.11,86.15, 
2023-07-04,1,1.105814286,EUR,85,, 
2023-07-05,1,1.105814286,EUR,84.84,, 
2023-07-06,1,1.105814286,EUR,84.18,, 
2023-07-07,1,1.105814286,EUR,84.82,, 
2023-07-10,1,1.105814286,EUR,85,88.99, 
2023-07-11,1,1.105814286,EUR,83.62,, 
2023-07-12,1,1.105814286,EUR,85.32,, 
2023-07-13,1,1.105814286,EUR,84.25,, 
2023-07-14,1,1.105814286,EUR,85.51,, 
2023-07-17,1,1.105814286,EUR,84.72,90.72, 
2023-07-18,1,1.105814286,EUR,84.9,, 
2023-07-19,1,1.105814286,EUR,86.03,, 
2023-07-20,1,1.105814286,EUR,87.76,, 
2023-07-21,1,1.105814286,EUR,89.36,, 
2023-07-24,1,1.105814286,EUR,90.3,84.73, 
2023-07-25,1,1.105814286,EUR,90.25,, 
2023-07-27,1,1.105814286,EUR,88.02,, 
2023-07-28,1,1.105814286,EUR,87.33,, 
2023-07-31,1,1.105814286,EUR,86.65,84.52, 
2023-08-01,1,1.090886957,EUR,84.69,, 
2023-08-02,1,1.090886957,EUR,81.88,, 
2023-08-03,1,1.090886957,EUR,83.52,, 
2023-08-04,1,1.090886957,EUR,83.33,, 
2023-08-07,1,1.090886957,EUR,82.28,88.03, 
2023-08-08,1,1.090886957,EUR,81.46,, 
2023-08-10,1,1.090886957,EUR,82.24,, 
2023-08-11,1,1.090886957,EUR,84.2,, 
2023-08-14,1,1.090886957,EUR,85.34,87.44, 
2023-08-15,1,1.090886957,EUR,86.71,, 
2023-08-16,1,1.090886957,EUR,87.01,, 
2023-08-17,1,1.090886957,EUR,86.84,, 
2023-08-18,1,1.090886957,EUR,86.68,, 
2023-08-21,1,1.090886957,EUR,86,85.54, 
2023-08-22,1,1.090886957,EUR,87.86,, 
2023-08-24,1,1.090886957,EUR,85.51,, 
2023-08-25,1,1.090886957,EUR,85.5,, 
2023-08-28,1,1.090886957,EUR,84.7,83.23, 
2023-08-29,1,1.090886957,EUR,84.64,, 
2023-08-30,1,1.090886957,EUR,84.57,, 
2023-08-31,1,1.090886957,EUR,85.52,, 
2023-09-01,1,1.068380952,EUR,84,, 
2023-09-04,1,1.068380952,EUR,83.42,82.23, 
2023-09-05,1,1.068380952,EUR,83.41,, 
2023-09-08,1,1.068380952,EUR,82.09,, 
2023-09-11,1,1.068380952,EUR,80.98,82.9, 
2023-09-12,1,1.068380952,EUR,80.6,, 
2023-09-13,1,1.068380952,EUR,80.5,, 
2023-09-14,1,1.068380952,EUR,81.69,, 
2023-09-15,1,1.068380952,EUR,82.33,, 
2023-09-18,1,1.068380952,EUR,80.26,82.97, 
2023-09-19,1,1.068380952,EUR,79.5,, 
2023-09-20,1,1.068380952,EUR,79.8,, 
2023-09-21,1,1.068380952,EUR,81.78,, 
2023-09-22,1,1.068380952,EUR,84.03,, 
2023-09-25,1,1.068380952,EUR,83.92,80.62, 
2023-09-26,1,1.068380952,EUR,82.44,, 
2023-09-27,1,1.068380952,EUR,81.37,, 
2023-09-28,1,1.068380952,EUR,81.9,, 
2023-09-29,1,1.068380952,EUR,81.65,, 
2023-10-02,1,1.056254545,EUR,80.95,84.37, 
2023-10-03,1,1.056254545,EUR,79.17,, 
2023-10-04,1,1.056254545,EUR,78.78,, 
2023-10-05,1,1.056254545,EUR,80.5,, 
2023-10-06,1,1.056254545,EUR,79.95,, 
2023-10-09,1,1.056254545,EUR,80.43,82.19, 
2023-10-10,1,1.056254545,EUR,81.82,, 
2023-10-11,1,1.056254545,EUR,82.68,, 
2023-10-12,1,1.056254545,EUR,83.35,, 
2023-10-13,1,1.056254545,EUR,84.61,, 
2023-10-16,1,1.056254545,EUR,83.4,80, 
2023-10-17,1,1.056254545,EUR,81.69,, 
2023-10-18,1,1.056254545,EUR,81.72,, 
2023-10-19,1,1.056254545,EUR,79.99,, 
2023-10-20,1,1.056254545,EUR,81.19,, 
2023-10-23,1,1.056254545,EUR,79.92,78.51, 
2023-10-24,1,1.056254545,EUR,80.4,, 
2023-10-25,1,1.056254545,EUR,79.85,, 
2023-10-26,1,1.056254545,EUR,79.48,, 
2023-10-27,1,1.056254545,EUR,79.41,, 
2023-10-30,1,1.056254545,EUR,79.78,76.57, 
2023-10-31,1,1.056254545,EUR,77.65,, 
2023-11-02,1,1.080822727,EUR,77.88,, 
2023-11-03,1,1.080822727,EUR,78.35,, 
2023-11-06,1,1.080822727,EUR,76.02,77.88, 
2023-11-07,1,1.080822727,EUR,75.58,, 
2023-11-08,1,1.080822727,EUR,74.56,, 
2023-11-09,1,1.080822727,EUR,75.75,, 
2023-11-10,1,1.080822727,EUR,76.46,, 
2023-11-13,1,1.080822727,EUR,77.01,76.07, 
2023-11-14,1,1.080822727,EUR,76.62,, 
2023-11-15,1,1.080822727,EUR,79.45,, 
2023-11-16,1,1.080822727,EUR,79,, 
2023-11-17,1,1.080822727,EUR,76.55,, 
2023-11-20,1,1.080822727,EUR,76.35,72.18, 
2023-11-21,1,1.080822727,EUR,75.69,, 
2023-11-22,1,1.080822727,EUR,74.84,, 
2023-11-23,1,1.080822727,EUR,74.5,, 
2023-11-24,1,1.080822727,EUR,75.9,, 
2023-11-27,1,1.080822727,EUR,74.57,69.22, 
2023-11-28,1,1.080822727,EUR,71.71,, 
2023-11-30,1,1.080822727,EUR,70.79,, 
2023-12-01,1,1.090305263,EUR,71.45,, 
2023-12-04,1,1.090305263,EUR,71.34,67.51, 
2023-12-05,1,1.090305263,EUR,69.94,, 
2023-12-06,1,1.090305263,EUR,68.71,, 
2023-12-07,1,1.090305263,EUR,68.76,, 
2023-12-08,1,1.090305263,EUR,69.84,, 
2023-12-11,1,1.090305263,EUR,67.82,69.08, 
2023-12-12,1,1.090305263,EUR,66.72,, 
2023-12-13,1,1.090305263,EUR,69.7,, 
2023-12-14,1,1.090305263,EUR,68.45,, 
2023-12-15,1,1.090305263,EUR,66.6,, 
2023-12-18,1,1.090305263,EUR,66.49,, 
2024-01-01,1,1.090513636,EUR,,76.37, 
2024-01-08,1,1.090513636,EUR,,69.62, 
2024-01-15,1,1.090513636,EUR,63.5,64.53, 
2024-01-16,1,1.090513636,EUR,63.2,, 
2024-01-17,1,1.090513636,EUR,62.96,, 
2024-01-18,1,1.090513636,EUR,61.28,, 
2024-01-19,1,1.090513636,EUR,61.93,, 
2024-01-22,1,1.090513636,EUR,59.74,63.54, 
2024-01-23,1,1.090513636,EUR,60.55,, 
2024-01-24,1,1.090513636,EUR,62,, 
2024-01-25,1,1.090513636,EUR,61.95,, 
2024-01-26,1,1.090513636,EUR,61.95,, 
2024-01-29,1,1.090513636,EUR,60.81,63.01, 
2024-01-30,1,1.090513636,EUR,59.82,, 
2024-01-31,1,1.090513636,EUR,62.27,, 
2024-02-01,1,1.079471429,EUR,61.09,, 
2024-02-02,1,1.079471429,EUR,60.92,, 
2024-02-05,1,1.079471429,EUR,60.68,61.65, 
2024-02-06,1,1.079471429,EUR,60.25,, 
2024-02-08,1,1.079471429,EUR,59.85,, 
2024-02-09,1,1.079471429,EUR,57.24,, 
2024-02-12,1,1.079471429,EUR,55.84,57.01, 
2024-02-13,1,1.079471429,EUR,54.24,, 
2024-02-14,1,1.079471429,EUR,54.07,, 
2024-02-15,1,1.079471429,EUR,54.87,, 
2024-02-16,1,1.079471429,EUR,55.12,, 
2024-02-19,1,1.079471429,EUR,53,53.48, 
2024-02-20,1,1.079471429,EUR,51.8,, 
2024-02-22,1,1.079471429,EUR,51.55,, 
2024-02-23,1,1.079471429,EUR,49.5,, 
2024-02-26,1,1.079471429,EUR,50.65,55.97, 
2024-02-27,1,1.079471429,EUR,51.12,, 
2024-02-28,1,1.079471429,EUR,54.94,, 
2024-02-29,1,1.079471429,EUR,54.9,, 
2024-03-01,1,1.08722,EUR,53.6,, 
2024-03-04,1,1.08722,EUR,51.76,58.87, 
2024-03-05,1,1.08722,EUR,59.14,, 
2024-03-07,1,1.08722,EUR,56.94,, 
2024-03-08,1,1.08722,EUR,57.1,, 
2024-03-11,1,1.08722,EUR,54.43,57.32, 
2024-03-12,1,1.08722,EUR,54.21,, 
2024-03-13,1,1.08722,EUR,54.92,, 
2024-03-14,1,1.08722,EUR,54.25,, 
2024-03-15,1,1.08722,EUR,57.75,, 
2024-03-18,1,1.08722,EUR,59.42,60.69, 
2024-03-19,1,1.08722,EUR,59,, 
2024-03-20,1,1.08722,EUR,57.9,, 
2024-03-21,1,1.08722,EUR,58,, 
2024-03-22,1,1.08722,EUR,57.93,, 
2024-03-25,1,1.08722,EUR,62.09,62.88, 
2024-03-26,1,1.08722,EUR,63.25,, 
2024-03-27,1,1.08722,EUR,60.56,, 
2024-03-28,1,1.08722,EUR,59.86,, 
2024-04-01,1,1.07277619,EUR,,59.4, 
2024-04-02,1,1.07277619,EUR,57.07,, 
2024-04-04,1,1.07277619,EUR,56.37,, 
2024-04-05,1,1.07277619,EUR,57.17,, 
2024-04-08,1,1.07277619,EUR,58.41,66.01, 
2024-04-09,1,1.07277619,EUR,61.3,, 
2024-04-10,1,1.07277619,EUR,63,, 
2024-04-11,1,1.07277619,EUR,63.42,, 
2024-04-12,1,1.07277619,EUR,68.01,, 
2024-04-15,1,1.07277619,EUR,68.17,70.9, 
2024-04-16,1,1.07277619,EUR,70.61,, 
2024-04-18,1,1.07277619,EUR,67.15,, 
2024-04-19,1,1.07277619,EUR,67.77,, 
2024-04-22,1,1.07277619,EUR,65.1,66.76, 
2024-04-23,1,1.07277619,EUR,64.28,, 
2024-04-24,1,1.07277619,EUR,65.35,, 
2024-04-25,1,1.07277619,EUR,65.08,, 
2024-04-26,1,1.07277619,EUR,65.66,, 
2024-04-29,1,1.07277619,EUR,63.52,69.27, 
2024-04-30,1,1.07277619,EUR,65.26,, 
2024-05-02,1,1.081222727,EUR,68.1,, 
2024-05-03,1,1.081222727,EUR,71.18,, 
2024-05-06,1,1.081222727,EUR,70.3,72.21, 
2024-05-07,1,1.081222727,EUR,69.16,, 
2024-05-08,1,1.081222727,EUR,68.99,, 
2024-05-13,1,1.081222727,EUR,68.48,70.06, 
2024-05-14,1,1.081222727,EUR,67.67,, 
2024-05-15,1,1.081222727,EUR,69.35,, 
2024-05-16,1,1.081222727,EUR,68.26,, 
2024-05-17,1,1.081222727,EUR,69.46,, 
2024-05-20,1,1.081222727,EUR,71.24,75.62, 
2024-05-21,1,1.081222727,EUR,71.8,, 
2024-05-22,1,1.081222727,EUR,74.31,, 
2024-05-23,1,1.081222727,EUR,74.9,, 
2024-05-24,1,1.081222727,EUR,72.8,, 
2024-05-27,1,1.081222727,EUR,,74.85, 
2024-05-28,1,1.081222727,EUR,72.9,, 
2024-05-30,1,1.081222727,EUR,72,, 
2024-05-31,1,1.081222727,EUR,74.49,, 
2024-06-03,1,1.0759,EUR,75.35,72.44, 
2024-06-04,1,1.0759,EUR,71.5,, 
2024-06-05,1,1.0759,EUR,70.3,, 
2024-06-06,1,1.0759,EUR,71,, 
2024-06-07,1,1.0759,EUR,69.9,, 
2024-06-10,1,1.0759,EUR,67.82,70.23, 
2024-06-11,1,1.0759,EUR,70.31,, 
2024-06-13,1,1.0759,EUR,69.77,, 
2024-06-14,1,1.0759,EUR,68.41,, 
2024-06-17,1,1.0759,EUR,66.66,68.83, 
2024-06-18,1,1.0759,EUR,66.97,, 
2024-06-19,1,1.0759,EUR,67.75,, 
2024-06-20,1,1.0759,EUR,68.61,, 
2024-06-21,1,1.0759,EUR,67.36,, 
2024-06-24,1,1.0759,EUR,66.06,67.27, 
2024-06-25,1,1.0759,EUR,65.94,, 
2024-06-27,1,1.0759,EUR,66.17,, 
2024-06-28,1,1.0759,EUR,65.01,, 
2024-07-01,1,1.120523509,EUR,67.83,69.98, 
2024-07-02,1,1.120523509,EUR,66.71,, 
2024-07-03,1,1.120523509,EUR,68.84,, 
2024-07-04,1,1.120523509,EUR,68.71,, 
2024-07-05,1,1.120523509,EUR,68.68,, 
2024-07-08,1,1.120523509,EUR,70,68.61, 
2024-07-09,1,1.120523509,EUR,66.87,, 
2024-07-10,1,1.120523509,EUR,67.42,, 
2024-07-11,1,1.120523509,EUR,66.72,, 
2024-07-12,1,1.120523509,EUR,67.06,, 
2024-07-15,1,1.120523509,EUR,66.63,66.99, 
2024-07-16,1,1.120523509,EUR,66.16,, 
2024-07-17,1,1.120523509,EUR,66.66,, 
2024-07-18,1,1.120523509,EUR,64.96,, 
2024-07-19,1,1.120523509,EUR,64.73,, 
2024-07-22,1,1.120523509,EUR,64.37,66.71, 
2024-07-23,1,1.120523509,EUR,63.67,, 
2024-07-24,1,1.120523509,EUR,66.71,, 
2024-07-25,1,1.120523509,EUR,66.33,, 
2024-07-26,1,1.120523509,EUR,67.17,, 
2024-07-29,1,1.120523509,EUR,66.55,69.66, 
2024-07-30,1,1.120523509,EUR,67.85,, 
2024-07-31,1,1.120523509,EUR,68.07,, 
2024-08-01,1,1.166425605,EUR,69.76,, 
2024-08-02,1,1.166425605,EUR,67.02,, 
2024-08-05,1,1.166425605,EUR,68.65,70.09, 
2024-08-08,1,1.166425605,EUR,68.9,, 
2024-08-09,1,1.166425605,EUR,70.46,, 
2024-08-12,1,1.166425605,EUR,71.15,72.09, 
2024-08-13,1,1.166425605,EUR,70.82,, 
2024-08-14,1,1.166425605,EUR,70.59,, 
2024-08-15,1,1.166425605,EUR,69.85,, 
2024-08-16,1,1.166425605,EUR,71,, 
2024-08-19,1,1.166425605,EUR,71.5,72.21, 
2024-08-20,1,1.166425605,EUR,72.4,, 
2024-08-22,1,1.166425605,EUR,71.02,, 
2024-08-23,1,1.166425605,EUR,70.73,, 
2024-08-26,1,1.166425605,EUR,69.28,70.82, 
2024-08-27,1,1.166425605,EUR,70.17,, 
2024-08-28,1,1.166425605,EUR,70.39,, 
2024-08-29,1,1.166425605,EUR,69.5,, 
2024-08-30,1,1.166425605,EUR,70.07,, 
2024-09-02,1,1.180226485,EUR,69.3,67.66, 
2024-09-03,1,1.180226485,EUR,68.56,, 
2024-09-05,1,1.180226485,EUR,65.99,, 
2024-09-06,1,1.180226485,EUR,67,, 
2024-09-09,1,1.180226485,EUR,65.75,65.66, 
2024-09-10,1,1.180226485,EUR,65.83,, 
2024-09-11,1,1.180226485,EUR,64.75,, 
2024-09-12,1,1.180226485,EUR,65.1,, 
2024-09-13,1,1.180226485,EUR,64.89,, 
2024-09-16,1,1.180226485,EUR,64.94,63.49, 
2024-09-17,1,1.180226485,EUR,62.71,, 
2024-09-18,1,1.180226485,EUR,62.8,, 
2024-09-19,1,1.180226485,EUR,63.56,, 
2024-09-20,1,1.180226485,EUR,63.18,, 
2024-09-23,1,1.180226485,EUR,64,65.21, 
2024-09-24,1,1.180226485,EUR,63.91,, 
2024-09-25,1,1.180226485,EUR,63.55,, 
2024-09-26,1,1.180226485,EUR,63.88,, 
2024-09-27,1,1.180226485,EUR,65.45,, 
2024-09-30,1,1.180226485,EUR,65.69,63.32, 
2024-10-01,1,1.090434783,EUR,63.19,, 
2024-10-02,1,1.090434783,EUR,62.89,, 
2024-10-03,1,1.090434783,EUR,62.02,, 
2024-10-04,1,1.090434783,EUR,61.03,, 
2024-10-07,1,1.090434783,EUR,60.15,62.74, 
2024-10-08,1,1.090434783,EUR,59.85,, 
2024-10-09,1,1.090434783,EUR,61.18,, 
2024-10-10,1,1.090434783,EUR,63.3,, 
2024-10-11,1,1.090434783,EUR,63.71,, 
2024-10-14,1,1.090434783,EUR,65,63.87, 
2024-10-15,1,1.090434783,EUR,64.08,, 
2024-10-16,1,1.090434783,EUR,64.14,, 
2024-10-17,1,1.090434783,EUR,63.1,, 
2024-10-18,1,1.090434783,EUR,61.9,, 
2024-10-21,1,1.090434783,EUR,62.3,64.5, 
2024-10-22,1,1.090434783,EUR,61.22,, 
2024-10-23,1,1.090434783,EUR,63.75,, 
2024-10-24,1,1.090434783,EUR,64.6,, 
2024-10-25,1,1.090434783,EUR,66.32,, 
2024-10-28,1,1.090434783,EUR,64.38,65.52, 
2024-10-29,1,1.090434783,EUR,66.42,, 
2024-10-31,1,1.090434783,EUR,64.78,, 
2024-11-01,1,1.063014286,EUR,64.46,, 
2024-11-04,1,1.063014286,EUR,64.68,65.47, 
2024-11-05,1,1.063014286,EUR,65.06,, 
2024-11-06,1,1.063014286,EUR,62.94,, 
2024-11-07,1,1.063014286,EUR,65.35,, 
2024-11-08,1,1.063014286,EUR,66.2,, 
2024-11-11,1,1.063014286,EUR,67.6,67.54, 
2024-11-12,1,1.063014286,EUR,65.92,, 
2024-11-13,1,1.063014286,EUR,65.86,, 
2024-11-14,1,1.063014286,EUR,67.15,, 
2024-11-15,1,1.063014286,EUR,66.78,, 
2024-11-18,1,1.063014286,EUR,67.7,69.06, 
2024-11-19,1,1.063014286,EUR,69.05,, 
2024-11-20,1,1.063014286,EUR,68.02,, 
2024-11-21,1,1.063014286,EUR,68.79,, 
2024-11-22,1,1.063014286,EUR,69.71,, 
2024-11-25,1,1.063014286,EUR,69.32,68.72, 
2024-11-26,1,1.063014286,EUR,69.37,, 
2024-11-28,1,1.063014286,EUR,67.91,, 
2024-11-29,1,1.063014286,EUR,67.3,, 
2024-12-02,1,1.047875,EUR,69.4,68.17, 
2024-12-03,1,1.047875,EUR,68.12,, 
2024-12-04,1,1.047875,EUR,67.42,, 
2024-12-05,1,1.047875,EUR,67.62,, 
2024-12-06,1,1.047875,EUR,67.25,, 
2024-12-09,1,1.047875,EUR,67.7,66.74, 
2024-12-10,1,1.047875,EUR,67,, 
2024-12-11,1,1.047875,EUR,69.17,, 
2024-12-12,1,1.047875,EUR,67.95,, 
2024-12-13,1,1.047875,EUR,66.07,, 
2024-12-16,1,1.047875,EUR,63.64,63.32, 
2024-12-30,1,1.047875,EUR,,75.56, 
2025-01-06,1,1.035372727,EUR,,73.78, 
2025-01-07,1,1.035372727,EUR,71.02,, 
2025-01-08,1,1.035372727,EUR,71.5,, 
2025-01-09,1,1.035372727,EUR,70.01,, 
2025-01-10,1,1.035372727,EUR,70.63,, 
2025-01-13,1,1.035372727,EUR,74.4,77.89, 
2025-01-14,1,1.035372727,EUR,74.45,, 
2025-01-16,1,1.035372727,EUR,75.7,, 
2025-01-17,1,1.035372727,EUR,77.3,, 
2025-01-20,1,1.035372727,EUR,76.4,80.33, 
2025-01-21,1,1.035372727,EUR,77.3,, 
2025-01-22,1,1.035372727,EUR,76.71,, 
2025-01-23,1,1.035372727,EUR,79.06,, 
2025-01-24,1,1.035372727,EUR,78.43,, 
2025-01-27,1,1.035372727,EUR,77.7,81.83, 
2025-01-28,1,1.035372727,EUR,77.06,, 
2025-01-30,1,1.035372727,EUR,81.57,, 
2025-01-31,1,1.035372727,EUR,81.11,, 
2025-02-03,1,1.04125,EUR,80.39,81.43, 
2025-02-04,1,1.04125,EUR,79.06,, 
2025-02-05,1,1.04125,EUR,77.87,, 
2025-02-06,1,1.04125,EUR,79.75,, 
2025-02-07,1,1.04125,EUR,80.71,, 
2025-02-10,1,1.04125,EUR,81.27,80.72, 
2025-02-11,1,1.04125,EUR,80.08,, 
2025-02-13,1,1.04125,EUR,76.77,, 
2025-02-14,1,1.04125,EUR,75.84,, 
2025-02-17,1,1.04125,EUR,77.02,74.71, 
2025-02-18,1,1.04125,EUR,74.53,, 
2025-02-19,1,1.04125,EUR,72.9,, 
2025-02-20,1,1.04125,EUR,71.21,, 
2025-02-21,1,1.04125,EUR,73.01,, 
2025-02-24,1,1.04125,EUR,70.8,72.04, 
2025-02-25,1,1.04125,EUR,71.15,, 
2025-02-27,1,1.04125,EUR,69.96,, 
2025-02-28,1,1.04125,EUR,70.65,, 
2025-03-03,1,1.080680952,EUR,70.31,68.96, 
2025-03-04,1,1.080680952,EUR,68.1,, 
2025-03-05,1,1.080680952,EUR,67.99,, 
2025-03-06,1,1.080680952,EUR,66.58,, 
2025-03-07,1,1.080680952,EUR,67.77,, 
2025-03-10,1,1.080680952,EUR,68.18,69.69, 
2025-03-11,1,1.080680952,EUR,67.02,, 
2025-03-13,1,1.080680952,EUR,68.2,, 
2025-03-14,1,1.080680952,EUR,68.65,, 
2025-03-17,1,1.080680952,EUR,68.53,71.86, 
2025-03-18,1,1.080680952,EUR,68.66,, 
2025-03-19,1,1.080680952,EUR,71.35,, 
2025-03-20,1,1.080680952,EUR,71.54,, 
2025-03-21,1,1.080680952,EUR,71.56,, 
2025-03-24,1,1.080680952,EUR,69.85,70.03, 
2025-03-25,1,1.080680952,EUR,69.61,, 
2025-03-27,1,1.080680952,EUR,68.41,, 
2025-03-28,1,1.080680952,EUR,67.36,, 
2025-03-31,1,1.080680952,EUR,66.8,67.25, 
2025-04-01,1,1.121395,EUR,66.71,, 
2025-04-02,1,1.121395,EUR,68.62,, 
2025-04-03,1,1.121395,EUR,65.75,, 
2025-04-04,1,1.121395,EUR,63.8,, 
2025-04-07,1,1.121395,EUR,59.76,62.56, 
2025-04-08,1,1.121395,EUR,60.35,, 
2025-04-10,1,1.121395,EUR,62.08,, 
2025-04-11,1,1.121395,EUR,61.01,, 
2025-04-14,1,1.121395,EUR,64.6,66.39, 
2025-04-15,1,1.121395,EUR,66.21,, 
2025-04-16,1,1.121395,EUR,65.98,, 
2025-04-17,1,1.121395,EUR,65.06,, 
2025-04-21,1,1.121395,EUR,,65.98, 
2025-04-22,1,1.121395,EUR,63.3,, 
2025-04-24,1,1.121395,EUR,63.93,, 
2025-04-25,1,1.121395,EUR,65.89,, 
2025-04-28,1,1.121395,EUR,64.2,66.5, 
2025-04-29,1,1.121395,EUR,63.55,, 
2025-04-30,1,1.121395,EUR,65.05,, 
2025-05-05,1,1.127804762,EUR,66.64,69.78, 
2025-05-06,1,1.127804762,EUR,67.88,, 
2025-05-08,1,1.127804762,EUR,70.3,, 
2025-05-09,1,1.127804762,EUR,70.2,, 
2025-05-12,1,1.127804762,EUR,71.01,72.61, 
2025-05-13,1,1.127804762,EUR,71.69,, 
2025-05-14,1,1.127804762,EUR,71.85,, 
2025-05-15,1,1.127804762,EUR,70.11,, 
2025-05-16,1,1.127804762,EUR,72.94,, 
2025-05-19,1,1.127804762,EUR,69.44,72.01, 
2025-05-20,1,1.127804762,EUR,70.69,, 
2025-05-22,1,1.127804762,EUR,71.84,, 
2025-05-23,1,1.127804762,EUR,71.11,, 
2025-05-26,1,1.127804762,EUR,,71.64, 
2025-05-27,1,1.127804762,EUR,71.51,, 
2025-05-28,1,1.127804762,EUR,70.54,, 
2025-06-02,1,1.151619048,EUR,70.58,72.47, 
2025-06-03,1,1.151619048,EUR,70.61,, 
2025-06-05,1,1.151619048,EUR,72.54,, 
2025-06-06,1,1.151619048,EUR,72.3,, 
2025-06-09,1,1.151619048,EUR,,74.52, 
2025-06-10,1,1.151619048,EUR,72.16,, 
2025-06-11,1,1.151619048,EUR,73.5,, 
2025-06-12,1,1.151619048,EUR,72.71,, 
2025-06-13,1,1.151619048,EUR,75.36,, 
2025-06-16,1,1.151619048,EUR,74.51,74.06, 
2025-06-17,1,1.151619048,EUR,74.05,, 
2025-06-19,1,1.151619048,EUR,73.48,, 
2025-06-20,1,1.151619048,EUR,71.97,, 
2025-06-23,1,1.151619048,EUR,72,71.86, 
2025-06-24,1,1.151619048,EUR,72.91,, 
2025-06-25,1,1.151619048,EUR,71.72,, 
2025-06-26,1,1.151619048,EUR,69.46,, 
2025-06-27,1,1.151619048,EUR,69.4,, 
2025-06-30,1,1.151619048,EUR,68.95,71.04, 
2025-07-01,1,1.167686957,EUR,69.01,, 
2025-07-03,1,1.167686957,EUR,70.52,, 
2025-07-04,1,1.167686957,EUR,70.85,, 
2025-07-07,1,1.167686957,EUR,70.34,70.66, 
2025-07-08,1,1.167686957,EUR,69.96,, 
2025-07-09,1,1.167686957,EUR,69.88,, 
2025-07-10,1,1.167686957,EUR,70.44,, 
2025-07-11,1,1.167686957,EUR,69.3,, 
2025-07-14,1,1.167686957,EUR,70.42,70.74, 
2025-07-15,1,1.167686957,EUR,69.76,, 
2025-07-17,1,1.167686957,EUR,70.05,, 
2025-07-18,1,1.167686957,EUR,69.68,, 
2025-07-21,1,1.167686957,EUR,69.53,70.1, 
2025-07-22,1,1.167686957,EUR,68.73,, 
2025-07-23,1,1.167686957,EUR,69.1,, 
2025-07-24,1,1.167686957,EUR,68.89,, 
2025-07-25,1,1.167686957,EUR,70.22,, 
2025-07-28,1,1.167686957,EUR,70.63,72.06, 
2025-07-29,1,1.167686957,EUR,70.53,, 
2025-07-31,1,1.167686957,EUR,72,, 
2025-08-01,1,1.163142857,EUR,71.14,, 
2025-08-04,1,1.163142857,EUR,69.52,71.68, 
2025-08-05,1,1.163142857,EUR,70.07,, 
2025-08-06,1,1.163142857,EUR,70.74,, 
2025-08-07,1,1.163142857,EUR,70.1,, 
2025-08-08,1,1.163142857,EUR,72.14,, 
2025-08-11,1,1.163142857,EUR,72.18,71.45, 
2025-08-12,1,1.163142857,EUR,71.3,, 
2025-08-14,1,1.163142857,EUR,70.54,, 
2025-08-15,1,1.163142857,EUR,70.13,, 
2025-08-18,1,1.163142857,EUR,70.21,71.88, 
2025-08-19,1,1.163142857,EUR,71.37,, 
2025-08-20,1,1.163142857,EUR,70.47,, 
2025-08-21,1,1.163142857,EUR,71.19,, 
2025-08-22,1,1.163142857,EUR,72.05,, 
2025-08-25,1,1.163142857,EUR,71.36,72.38, 
2025-08-26,1,1.163142857,EUR,71.31,, 
2025-08-28,1,1.163142857,EUR,71.18,, 
2025-08-29,1,1.163142857,EUR,71.3,, 
2025-09-01,1,1.173222727,EUR,73.14,74.8, 
2025-09-02,1,1.173222727,EUR,73.5,, 
2025-09-03,1,1.173222727,EUR,73.27,, 
2025-09-04,1,1.173222727,EUR,74.38,, 
2025-09-05,1,1.173222727,EUR,75.44,, 
2025-09-08,1,1.173222727,EUR,75.21,76.5, 
2025-09-09,1,1.173222727,EUR,76.4,, 
2025-09-11,1,1.173222727,EUR,76.07,, 
2025-09-12,1,1.173222727,EUR,75.02,, 
2025-09-15,1,1.173222727,EUR,75.02,77.33, 
2025-09-16,1,1.173222727,EUR,76.17,, 
2025-09-17,1,1.173222727,EUR,77.53,, 
2025-09-18,1,1.173222727,EUR,77.22,, 
2025-09-19,1,1.173222727,EUR,76.57,, 
2025-09-22,1,1.173222727,EUR,76.8,76.15, 
2025-09-23,1,1.173222727,EUR,75.6,, 
2025-09-25,1,1.173222727,EUR,75.56,, 
2025-09-26,1,1.173222727,EUR,75.17,, 
2025-09-29,1,1.173222727,EUR,75.2,77.09, 
2025-09-30,1,1.173222727,EUR,75.95,, 
2025-10-01,1,1.163043478,EUR,74.3,, 
2025-10-02,1,1.163043478,EUR,76.05,, 
2025-10-06,1,1.163043478,EUR,79.19,79, 
2025-10-07,1,1.163043478,EUR,78.3,, 
2025-10-08,1,1.163043478,EUR,77.39,, 
2025-10-09,1,1.163043478,EUR,77.95,, 
2025-10-10,1,1.163043478,EUR,79.22,, 
2025-10-13,1,1.163043478,EUR,78.66,78.38, 
2025-10-14,1,1.163043478,EUR,76.91,, 
2025-10-15,1,1.163043478,EUR,76.58,, 
2025-10-16,1,1.163043478,EUR,77.82,, 
2025-10-17,1,1.163043478,EUR,77.99,, 
2025-10-20,1,1.163043478,EUR,78.75,78.92, 
2025-10-21,1,1.163043478,EUR,78.94,, 
2025-10-23,1,1.163043478,EUR,78.54,, 
2025-10-24,1,1.163043478,EUR,78.47,, 
2025-10-27,1,1.163043478,EUR,77.56,78.42, 
2025-10-28,1,1.163043478,EUR,77.85,, 
2025-10-29,1,1.163043478,EUR,78.55,, 
2025-10-30,1,1.163043478,EUR,78.71,, 
2025-10-31,1,1.163043478,EUR,78.66,, 
2025-11-03,1,1.15602,EUR,79.3,80.93, 
2025-11-04,1,1.15602,EUR,81.26,, 
2025-11-06,1,1.15602,EUR,80.07,, 
2025-11-07,1,1.15602,EUR,79.76,, 
2025-11-10,1,1.15602,EUR,79.97,80.96, 
2025-11-11,1,1.15602,EUR,79.91,, 
2025-11-12,1,1.15602,EUR,81.51,, 
2025-11-13,1,1.15602,EUR,81.31,, 
2025-11-14,1,1.15602,EUR,80.85,, 
2025-11-17,1,1.15602,EUR,80.25,80.71, 
2025-11-18,1,1.15602,EUR,80.41,, 
2025-11-20,1,1.15602,EUR,81.16,, 
2025-11-21,1,1.15602,EUR,80.47,, 
2025-11-24,1,1.15602,EUR,80,81.93, 
2025-11-25,1,1.15602,EUR,81.19,, 
2025-11-26,1,1.15602,EUR,81.51,, 
2025-11-27,1,1.15602,EUR,81.07,, 
2025-11-28,1,1.15602,EUR,82.6,, 
2025-12-01,1,1.170871429,EUR,83.01,82.13, 
2025-12-02,1,1.170871429,EUR,82.19,, 
2025-12-04,1,1.170871429,EUR,81.39,, 
2025-12-05,1,1.170871429,EUR,82.25,, 
2025-12-08,1,1.170871429,EUR,82.17,82.99, 
2025-12-09,1,1.170871429,EUR,82.22,, 
2025-12-10,1,1.170871429,EUR,82.18,, 
2025-12-11,1,1.170871429,EUR,83.77,, 
2025-12-12,1,1.170871429,EUR,83.65,, 
2025-12-15,1,1.170871429,EUR,84.6,85, 
2026-01-07,1,1.17382381,EUR,86.27,, 
2026-01-08,1,1.17382381,EUR,85.47,, 
2026-01-09,1,1.17382381,EUR,87,, 
2026-01-12,1,1.17382381,EUR,87.87,, 
2026-01-13,1,1.17382381,EUR,88.71,, 
2026-01-15,1,1.17382381,EUR,91.32,, 
2026-01-16,1,1.17382381,EUR,91.34,, 
2026-01-19,1,1.17382381,EUR,87.34,, 
2026-01-20,1,1.17382381,EUR,84.58,, 
2026-01-21,1,1.17382381,EUR,83.55,, 
2026-01-22,1,1.17382381,EUR,86.55,, 
2026-01-23,1,1.17382381,EUR,87.51,, 
2026-01-26,1,1.17382381,EUR,86.4,, 
2026-01-27,1,1.17382381,EUR,85.93,, 
2026-01-29,1,1.17382381,EUR,82.58,, 
2026-01-30,1,1.17382381,EUR,81.68,, 
2026-02-02,1,1.182395,EUR,80.57,, 
2026-02-03,1,1.182395,EUR,81.7,, 
2026-02-04,1,1.182395,EUR,80.8,, 
2026-02-05,1,1.182395,EUR,80.55,, 
2026-02-06,1,1.182395,EUR,77.23,, 
2026-02-09,1,1.182395,EUR,78.53,, 
2026-02-10,1,1.182395,EUR,79.2,, 
2026-02-12,1,1.182395,EUR,70.89,, 
2026-02-13,1,1.182395,EUR,71.5,, 
2026-02-16,1,1.182395,EUR,69.8,, 
2026-02-17,1,1.182395,EUR,67.82,, 
2026-02-18,1,1.182395,EUR,69.22,, 
2026-02-19,1,1.182395,EUR,70.51,, 
2026-02-20,1,1.182395,EUR,70.87,, 
2026-02-23,1,1.182395,EUR,70.4,, 
2026-02-24,1,1.182395,EUR,69.7,, 
2026-02-26,1,1.182395,EUR,68.37,, 
2026-02-27,1,1.182395,EUR,70.26,, 
2026-03-02,1,1.155831818,EUR,68.42,, 
2026-03-03,1,1.155831818,EUR,68.77,, 
2026-03-04,1,1.155831818,EUR,70.75,, 
2026-03-05,1,1.155831818,EUR,68.99,, 
2026-03-06,1,1.155831818,EUR,69.66,, 
2026-03-09,1,1.155831818,EUR,68.53,, 
2026-03-10,1,1.155831818,EUR,71.1,, 
2026-03-12,1,1.155831818,EUR,70.58,, 
2026-03-13,1,1.155831818,EUR,67.07,, 
2026-03-16,1,1.155831818,EUR,68.41,, 
2026-03-17,1,1.155831818,EUR,64.52,, 
2026-03-18,1,1.155831818,EUR,65.16,, 
2026-03-19,1,1.155831818,EUR,62.19,, 
2026-03-20,1,1.155831818,EUR,66.69,, 
2026-03-23,1,1.155831818,EUR,64.7,, 
2026-03-24,1,1.155831818,EUR,67.06,, 
2026-03-26,1,1.155831818,EUR,69.12,, 
2026-03-27,1,1.155831818,EUR,70.55,, 
2026-03-30,1,1.155831818,EUR,70,, 
2026-03-31,1,1.155831818,EUR,71.13,, 
2026-04-01,1,1.17064,EUR,71.56,, 
2026-04-02,1,1.17064,EUR,71.71,, 
2026-04-07,1,1.17064,EUR,70.6,, 
2026-04-09,1,1.17064,EUR,70.67,, 
2026-04-10,1,1.17064,EUR,72,, 
2026-04-13,1,1.17064,EUR,70.62,, 
2026-04-14,1,1.17064,EUR,72.1,, 
2026-04-15,1,1.17064,EUR,73.57,, 
2026-04-16,1,1.17064,EUR,72.4,, 
2026-04-17,1,1.17064,EUR,75.9,, 
2026-04-20,1,1.17064,EUR,74.84,, 
2026-04-21,1,1.17064,EUR,73.9,, 
2026-04-23,1,1.17064,EUR,73.63,, 
2026-04-24,1,1.17064,EUR,74.03,, 
2026-04-27,1,1.17064,EUR,73.2,, 
2026-04-28,1,1.17064,EUR,74.14,, 
2026-04-29,1,1.17064,EUR,73.96,, 
2026-04-30,1,1.17064,EUR,71.8,, 
2026-05-04,1,1.16732,EUR,72.65,, 
2026-05-05,1,1.16732,EUR,72.63,, 
2026-05-07,1,1.16732,EUR,74.72,, 
2026-05-08,1,1.16732,EUR,74.16,, 
2026-05-11,1,1.16732,EUR,73.82,, 
2026-05-12,1,1.16732,EUR,75,, 
2026-05-13,1,1.16732,EUR,73.31,, 
2026-05-18,1,1.16732,EUR,74.75,, 
2026-05-19,1,1.16732,EUR,74.26,, 
2026-05-21,1,1.16732,EUR,73.85,, 
2026-05-22,1,1.16732,EUR,74.4,, 
2026-05-26,1,1.16732,EUR,75.7,, 
2026-05-27,1,1.16732,EUR,77.96,, 
2026-05-28,1,1.16732,EUR,77.67,, 
2026-05-29,1,1.16732,EUR,79.37,, 
2026-06-01,1,1.1518,EUR,78.2,, 
2026-06-02,1,1.1518,EUR,77.15,, 
2026-06-04,1,1.1518,EUR,76.96,, 
2026-06-05,1,1.1518,EUR,76.3,, 
2026-06-08,1,1.1518,EUR,75.08,, 
2026-06-09,1,1.1518,EUR,75.11,, 
2026-06-10,1,1.1518,EUR,74.97,, 
2026-06-11,1,1.1518,EUR,75.62,, 
2026-06-12,1,1.1518,EUR,76.82,, 
2026-06-15,1,1.1518,EUR,77.01,, 
2026-06-16,1,1.1518,EUR,78.61,, 
2026-06-18,1,1.1518,EUR,78.57,, 
2026-06-19,1,1.1518,EUR,79.12,, 
2026-06-22,1,1.1518,EUR,79.04,, 
2026-06-23,1,1.1518,EUR,80.1,, 
2026-06-24,1,1.1518,EUR,80.43,, 
2026-06-25,1,1.1518,EUR,80.38,, 
2026-06-26,1,1.1518,EUR,79.72,, 
2026-06-29,1,1.1518,EUR,79.01,, 
2026-06-30,1,1.1518,EUR,78.13,, 
