date,primary_market,secondary_market,price
2010-01-04,,,12.67
2010-01-05,12.67,,12.67
2010-01-06,,,12.67
2010-01-07,,,12.67
2010-01-08,,,12.67
2010-01-11,,,12.67
2010-01-12,12.71,,12.71
2010-01-13,,,12.71
2010-01-14,,,12.71
2010-01-15,,,12.71
2010-01-18,,,12.71
2010-01-19,13.43,,13.43
2010-01-20,,,13.43
2010-01-21,,,13.43
2010-01-22,,,13.43
2010-01-25,,,13.43
2010-01-26,13.27,,13.27
2010-01-27,,,13.27
2010-01-28,,,13.27
2010-01-29,,,13.27
2010-02-01,,,13.27
2010-02-02,12.46,,12.46
2010-02-03,,,12.46
2010-02-04,,,12.46
2010-02-05,,,12.46
2010-02-08,,,12.46
2010-02-09,13.47,,13.47
2010-02-10,,,13.47
2010-02-11,,,13.47
2010-02-12,,,13.47
2010-02-15,,,13.47
2010-02-16,13.0,,13.0
2010-02-17,,,13.0
2010-02-18,,,13.0
2010-02-19,,,13.0
2010-02-22,,,13.0
2010-02-23,12.62,,12.62
2010-02-24,,,12.62
2010-02-25,,,12.62
2010-02-26,,,12.62
2010-03-01,,,12.62
2010-03-02,13.08,,13.08
2010-03-03,,,13.08
2010-03-04,,,13.08
2010-03-05,,,13.08
2010-03-08,,,13.08
2010-03-09,12.94,,12.94
2010-03-10,,,12.94
2010-03-11,,,12.94
2010-03-12,,,12.94
2010-03-15,,,12.94
2010-03-16,12.88,,12.88
2010-03-17,,,12.88
2010-03-18,,,12.88
2010-03-19,,,12.88
2010-03-22,,,12.88
2010-03-23,12.9,,12.9
2010-03-24,,,12.9
2010-03-25,,,12.9
2010-03-26,,,12.9
2010-03-29,,,12.9
2010-03-30,12.49,,12.49
2010-03-31,,,12.49
2010-04-01,,,12.49
2010-04-06,12.98,,12.98
2010-04-07,,,12.98
2010-04-08,,,12.98
2010-04-09,,,12.98
2010-04-12,,,12.98
2010-04-13,13.39,,13.39
2010-04-14,,,13.39
2010-04-15,,,13.39
2010-04-16,,,13.39
2010-04-19,,,13.39
2010-04-20,14.59,,14.59
2010-04-21,,,14.59
2010-04-22,,,14.59
2010-04-23,,,14.59
2010-04-26,,,14.59
2010-04-27,15.3,,15.3
2010-04-28,,,15.3
2010-04-29,,,15.3
2010-04-30,,,15.3
2010-05-03,,,15.3
2010-05-04,15.91,,15.91
2010-05-05,,,15.91
2010-05-06,,,15.91
2010-05-07,,,15.91
2010-05-10,,,15.91
2010-05-11,14.98,,14.98
2010-05-12,,,14.98
2010-05-14,,,14.98
2010-05-17,,,14.98
2010-05-18,15.07,,15.07
2010-05-19,,,15.07
2010-05-20,,,15.07
2010-05-21,,,15.07
2010-05-25,14.72,,14.72
2010-05-26,,,14.72
2010-05-27,,,14.72
2010-05-28,,,14.72
2010-05-31,,,14.72
2010-06-01,14.74,,14.74
2010-06-02,,,14.74
2010-06-03,,,14.74
2010-06-04,,,14.74
2010-06-07,,,14.74
2010-06-08,15.12,,15.12
2010-06-09,,,15.12
2010-06-10,,,15.12
2010-06-11,,,15.12
2010-06-14,,,15.12
2010-06-15,15.81,,15.81
2010-06-16,,,15.81
2010-06-17,,,15.81
2010-06-18,,,15.81
2010-06-21,,,15.81
2010-06-22,15.48,,15.48
2010-06-23,,,15.48
2010-06-24,,,15.48
2010-06-25,,,15.48
2010-06-28,,,15.48
2010-06-29,15.18,,15.18
2010-06-30,,,15.18
2010-07-01,,,15.18
2010-07-02,,,15.18
2010-07-05,,,15.18
2010-07-06,15.2,,15.2
2010-07-07,,,15.2
2010-07-08,,,15.2
2010-07-09,,,15.2
2010-07-12,,,15.2
2010-07-13,13.85,,13.85
2010-07-14,,,13.85
2010-07-15,,,13.85
2010-07-16,,,13.85
2010-07-19,,,13.85
2010-07-20,14.3,,14.3
2010-07-21,,,14.3
2010-07-22,,,14.3
2010-07-23,,,14.3
2010-07-26,,,14.3
2010-07-27,13.34,,13.34
2010-07-28,,,13.34
2010-07-29,,,13.34
2010-07-30,,,13.34
2010-08-02,,,13.34
2010-08-03,14.26,,14.26
2010-08-04,,,14.26
2010-08-05,,,14.26
2010-08-06,,,14.26
2010-08-09,,,14.26
2010-08-10,14.32,,14.32
2010-08-11,,,14.32
2010-08-12,,,14.32
2010-08-13,,,14.32
2010-08-16,,,14.32
2010-08-17,14.3,,14.3
2010-08-18,,,14.3
2010-08-19,,,14.3
2010-08-20,,,14.3
2010-08-23,,,14.3
2010-08-24,14.66,,14.66
2010-08-25,,,14.66
2010-08-26,,,14.66
2010-08-27,,,14.66
2010-08-30,,,14.66
2010-08-31,15.26,,15.26
2010-09-01,,,15.26
2010-09-02,,,15.26
2010-09-03,,,15.26
2010-09-06,,,15.26
2010-09-07,15.53,,15.53
2010-09-08,,,15.53
2010-09-09,,,15.53
2010-09-10,,,15.53
2010-09-13,,,15.53
2010-09-14,15.04,,15.04
2010-09-15,,,15.04
2010-09-16,,,15.04
2010-09-17,,,15.04
2010-09-20,,,15.04
2010-09-21,14.77,,14.77
2010-09-22,,,14.77
2010-09-23,,,14.77
2010-09-24,,,14.77
2010-09-27,,,14.77
2010-09-28,15.21,,15.21
2010-09-29,,,15.21
2010-09-30,,,15.21
2010-10-01,,,15.21
2010-10-04,,,15.21
2010-10-05,15.27,,15.27
2010-10-06,,,15.27
2010-10-07,,,15.27
2010-10-08,,,15.27
2010-10-11,,,15.27
2010-10-12,15.61,,15.61
2010-10-13,,,15.61
2010-10-14,,,15.61
2010-10-15,,,15.61
2010-10-18,,,15.61
2010-10-19,15.24,,15.24
2010-10-20,,,15.24
2010-10-21,,,15.24
2010-10-22,,,15.24
2010-10-25,,,15.24
2010-10-26,15.01,,15.01
2010-10-27,,,15.01
2010-10-28,,,15.01
2010-10-29,,,15.01
2010-11-01,,,15.01
2010-11-02,14.62,,14.62
2010-11-03,,,14.62
2010-11-04,,,14.62
2010-11-05,,,14.62
2010-11-08,,,14.62
2010-11-09,14.15,,14.15
2010-11-10,,,14.15
2010-11-11,,,14.15
2010-11-12,,,14.15
2010-11-15,,,14.15
2010-11-16,14.89,,14.89
2010-11-17,,,14.89
2010-11-18,,,14.89
2010-11-19,,,14.89
2010-11-22,,,14.89
2010-11-23,14.83,,14.83
2010-11-24,,,14.83
2010-11-25,,,14.83
2010-11-26,,,14.83
2010-11-29,,,14.83
2010-11-30,14.66,,14.66
2010-12-01,,,14.66
2010-12-02,,,14.66
2010-12-03,,,14.66
2010-12-06,,,14.66
2010-12-07,,,14.66
2010-12-08,,,14.66
2010-12-09,,,14.66
2010-12-10,,,14.66
2010-12-13,,,14.66
2010-12-14,,,14.66
2010-12-15,,,14.66
2010-12-16,,,14.66
2010-12-17,,,14.66
2010-12-20,,,14.66
2010-12-21,,,14.66
2010-12-22,,,14.66
2010-12-23,,,14.66
2010-12-27,,,14.66
2010-12-28,,,14.66
2010-12-29,,,14.66
2010-12-30,,,14.66
2011-01-03,,,14.66
2011-01-04,13.97,,13.97
2011-01-05,,,13.97
2011-01-06,,,13.97
2011-01-07,,,13.97
2011-01-10,,,13.97
2011-01-11,13.95,,13.95
2011-01-12,,,13.95
2011-01-13,,,13.95
2011-01-14,,,13.95
2011-01-17,,,13.95
2011-01-18,14.34,,14.34
2011-01-19,,,14.34
2011-01-20,,,14.34
2011-01-21,,,14.34
2011-01-24,,,14.34
2011-01-25,14.29,,14.29
2011-01-26,,,14.29
2011-01-27,,,14.29
2011-01-28,,,14.29
2011-01-31,,,14.29
2011-02-01,,,14.29
2011-02-02,,,14.29
2011-02-03,,,14.29
2011-02-04,,,14.29
2011-02-07,,,14.29
2011-02-08,14.22,,14.22
2011-02-09,,,14.22
2011-02-10,,,14.22
2011-02-11,,,14.22
2011-02-14,,,14.22
2011-02-15,14.47,,14.47
2011-02-16,,,14.47
2011-02-17,,,14.47
2011-02-18,,,14.47
2011-02-21,,,14.47
2011-02-22,14.98,,14.98
2011-02-23,,,14.98
2011-02-24,,,14.98
2011-02-25,,,14.98
2011-02-28,,,14.98
2011-03-01,15.11,,15.11
2011-03-02,,,15.11
2011-03-03,,,15.11
2011-03-04,,,15.11
2011-03-07,,,15.11
2011-03-08,15.44,,15.44
2011-03-09,,,15.44
2011-03-10,,,15.44
2011-03-11,,,15.44
2011-03-14,,,15.44
2011-03-15,15.99,,15.99
2011-03-16,,,15.99
2011-03-17,,,15.99
2011-03-18,,,15.99
2011-03-21,,,15.99
2011-03-22,16.28,,16.28
2011-03-23,,,16.28
2011-03-24,,,16.28
2011-03-25,,,16.28
2011-03-28,,,16.28
2011-03-29,16.8,,16.8
2011-03-30,,,16.8
2011-03-31,,,16.8
2011-04-01,,,16.8
2011-04-04,,,16.8
2011-04-05,16.84,,16.84
2011-04-06,,,16.84
2011-04-07,,,16.84
2011-04-08,,,16.84
2011-04-11,,,16.84
2011-04-12,16.33,,16.33
2011-04-13,,,16.33
2011-04-14,,,16.33
2011-04-15,,,16.33
2011-04-18,,,16.33
2011-04-19,16.2,,16.2
2011-04-20,,,16.2
2011-04-21,,,16.2
2011-04-26,16.42,,16.42
2011-04-27,,,16.42
2011-04-28,,,16.42
2011-04-29,,,16.42
2011-05-02,,,16.42
2011-05-03,16.92,,16.92
2011-05-04,,,16.92
2011-05-05,,,16.92
2011-05-06,,,16.92
2011-05-09,,,16.92
2011-05-10,16.71,,16.71
2011-05-11,,,16.71
2011-05-12,,,16.71
2011-05-13,,,16.71
2011-05-16,,,16.71
2011-05-17,16.51,,16.51
2011-05-18,,,16.51
2011-05-19,,,16.51
2011-05-20,,,16.51
2011-05-23,,,16.51
2011-05-24,16.06,,16.06
2011-05-25,,,16.06
2011-05-26,,,16.06
2011-05-27,,,16.06
2011-05-30,,,16.06
2011-05-31,16.9,,16.9
2011-06-01,,,16.9
2011-06-03,,,16.9
2011-06-06,,,16.9
2011-06-07,16.42,,16.42
2011-06-08,,,16.42
2011-06-09,,,16.42
2011-06-10,,,16.42
2011-06-14,16.26,,16.26
2011-06-15,,,16.26
2011-06-16,,,16.26
2011-06-17,,,16.26
2011-06-20,,,16.26
2011-06-21,14.92,,14.92
2011-06-22,,,14.92
2011-06-23,,,14.92
2011-06-24,,,14.92
2011-06-27,,,14.92
2011-06-28,12.89,,12.89
2011-06-29,,,12.89
2011-06-30,,,12.89
2011-07-01,,,12.89
2011-07-04,,,12.89
2011-07-05,13.33,,13.33
2011-07-06,,,13.33
2011-07-07,,,13.33
2011-07-08,,,13.33
2011-07-11,,,13.33
2011-07-12,11.54,,11.54
2011-07-13,,,11.54
2011-07-14,,,11.54
2011-07-15,,,11.54
2011-07-18,,,11.54
2011-07-19,12.22,,12.22
2011-07-20,,,12.22
2011-07-21,,,12.22
2011-07-22,,,12.22
2011-07-25,,,12.22
2011-07-26,12.87,,12.87
2011-07-27,,,12.87
2011-07-28,,,12.87
2011-07-29,,,12.87
2011-08-01,,,12.87
2011-08-02,11.55,,11.55
2011-08-03,,,11.55
2011-08-04,,,11.55
2011-08-05,,,11.55
2011-08-08,,,11.55
2011-08-09,10.55,,10.55
2011-08-10,,,10.55
2011-08-11,,,10.55
2011-08-12,,,10.55
2011-08-15,,,10.55
2011-08-16,12.14,,12.14
2011-08-17,,,12.14
2011-08-18,,,12.14
2011-08-19,,,12.14
2011-08-22,,,12.14
2011-08-23,12.55,,12.55
2011-08-24,,,12.55
2011-08-25,,,12.55
2011-08-26,,,12.55
2011-08-29,,,12.55
2011-08-30,12.92,,12.92
2011-08-31,,,12.92
2011-09-01,,,12.92
2011-09-02,,,12.92
2011-09-05,,,12.92
2011-09-06,12.33,,12.33
2011-09-07,,,12.33
2011-09-08,,,12.33
2011-09-09,,,12.33
2011-09-12,,,12.33
2011-09-13,11.74,,11.74
2011-09-14,,,11.74
2011-09-15,,,11.74
2011-09-16,,,11.74
2011-09-19,,,11.74
2011-09-20,11.61,,11.61
2011-09-21,,,11.61
2011-09-22,,,11.61
2011-09-23,,,11.61
2011-09-26,,,11.61
2011-09-27,10.8,,10.8
2011-09-28,,,10.8
2011-09-29,,,10.8
2011-09-30,,,10.8
2011-10-04,9.92,,9.92
2011-10-05,,,9.92
2011-10-06,,,9.92
2011-10-07,,,9.92
2011-10-10,,,9.92
2011-10-11,10.49,,10.49
2011-10-12,,,10.49
2011-10-13,,,10.49
2011-10-14,,,10.49
2011-10-17,,,10.49
2011-10-18,10.0,,10.0
2011-10-19,,,10.0
2011-10-20,,,10.0
2011-10-21,,,10.0
2011-10-24,,,10.0
2011-10-25,10.44,,10.44
2011-10-26,,,10.44
2011-10-27,10.3,,10.3
2011-10-28,,,10.3
2011-10-31,,,10.3
2011-11-01,9.9,,9.9
2011-11-02,,,9.9
2011-11-03,,,9.9
2011-11-04,,,9.9
2011-11-07,,,9.9
2011-11-08,9.95,,9.95
2011-11-09,,,9.95
2011-11-10,,,9.95
2011-11-11,,,9.95
2011-11-14,,,9.95
2011-11-15,9.93,,9.93
2011-11-16,,,9.93
2011-11-17,,,9.93
2011-11-18,,,9.93
2011-11-21,,,9.93
2011-11-22,8.97,,8.97
2011-11-23,,,8.97
2011-11-24,8.05,,8.05
2011-11-25,,,8.05
2011-11-28,,,8.05
2011-11-29,,,8.05
2011-11-30,,,8.05
2011-12-01,,,8.05
2011-12-02,,,8.05
2011-12-05,,,8.05
2011-12-06,,,8.05
2011-12-07,,,8.05
2011-12-08,,,8.05
2011-12-09,,,8.05
2011-12-12,,,8.05
2011-12-13,7.13,,7.13
2011-12-14,,,7.13
2011-12-15,,,7.13
2011-12-16,,,7.13
2011-12-19,,,7.13
2011-12-20,,,7.13
2011-12-21,,,7.13
2011-12-22,,,7.13
2011-12-23,,,7.13
2011-12-27,,,7.13
2011-12-28,,,7.13
2011-12-29,,,7.13
2011-12-30,,,7.13
2012-01-02,,,7.13
2012-01-03,6.31,,6.31
2012-01-04,,,6.31
2012-01-05,,,6.31
2012-01-06,,,6.31
2012-01-09,,,6.31
2012-01-10,6.83,,6.83
2012-01-11,,,6.83
2012-01-12,,,6.83
2012-01-13,,,6.83
2012-01-16,,,6.83
2012-01-17,6.68,,6.68
2012-01-18,,,6.68
2012-01-19,,,6.68
2012-01-20,,,6.68
2012-01-23,,,6.68
2012-01-24,6.9,,6.9
2012-01-25,,,6.9
2012-01-26,7.46,,7.46
2012-01-27,,,7.46
2012-01-30,,,7.46
2012-01-31,7.66,,7.66
2012-02-01,,,7.66
2012-02-02,,,7.66
2012-02-03,,,7.66
2012-02-06,,,7.66
2012-02-07,8.42,,8.42
2012-02-08,,,8.42
2012-02-09,,,8.42
2012-02-10,,,8.42
2012-02-13,,,8.42
2012-02-14,7.6,,7.6
2012-02-15,,,7.6
2012-02-16,,,7.6
2012-02-17,,,7.6
2012-02-20,,,7.6
2012-02-21,8.58,,8.58
2012-02-22,,,8.58
2012-02-23,8.81,,8.81
2012-02-24,,,8.81
2012-02-27,,,8.81
2012-02-28,9.17,,9.17
2012-02-29,,,9.17
2012-03-01,,,9.17
2012-03-02,,,9.17
2012-03-05,,,9.17
2012-03-06,8.44,,8.44
2012-03-07,,,8.44
2012-03-08,,,8.44
2012-03-09,,,8.44
2012-03-12,,,8.44
2012-03-13,7.65,,7.65
2012-03-14,,,7.65
2012-03-15,7.8,,7.8
2012-03-16,,,7.8
2012-03-19,,,7.8
2012-03-20,7.25,,7.25
2012-03-21,,,7.25
2012-03-22,6.95,,6.95
2012-03-23,,,6.95
2012-03-26,,,6.95
2012-03-27,6.9,,6.9
2012-03-28,,,6.9
2012-03-29,,,6.9
2012-03-30,,,6.9
2012-04-02,,,6.9
2012-04-03,6.0,,6.0
2012-04-04,,,6.0
2012-04-05,,,6.0
2012-04-10,6.54,,6.54
2012-04-11,,,6.54
2012-04-12,,,6.54
2012-04-13,,,6.54
2012-04-16,,,6.54
2012-04-17,6.97,,6.97
2012-04-18,,,6.97
2012-04-19,7.02,,7.02
2012-04-20,,,7.02
2012-04-23,,,7.02
2012-04-24,7.06,,7.06
2012-04-25,,,7.06
2012-04-26,,,7.06
2012-04-27,,,7.06
2012-04-30,,,7.06
2012-05-02,,,7.06
2012-05-03,,,7.06
2012-05-04,,,7.06
2012-05-07,,,7.06
2012-05-08,6.5,,6.5
2012-05-09,,,6.5
2012-05-10,,,6.5
2012-05-11,,,6.5
2012-05-14,,,6.5
2012-05-15,6.49,,6.49
2012-05-16,,,6.49
2012-05-18,,,6.49
2012-05-21,,,6.49
2012-05-22,6.65,,6.65
2012-05-23,,,6.65
2012-05-24,,,6.65
2012-05-25,,,6.65
2012-05-29,6.55,,6.55
2012-05-30,,,6.55
2012-05-31,,,6.55
2012-06-01,,,6.55
2012-06-04,,,6.55
2012-06-05,6.27,,6.27
2012-06-06,,,6.27
2012-06-07,,,6.27
2012-06-08,,,6.27
2012-06-11,,,6.27
2012-06-12,6.54,,6.54
2012-06-13,,,6.54
2012-06-14,6.59,,6.59
2012-06-15,,,6.59
2012-06-18,,,6.59
2012-06-19,7.39,,7.39
2012-06-20,,,7.39
2012-06-21,,,7.39
2012-06-22,,,7.39
2012-06-25,,,7.39
2012-06-26,8.0,,8.0
2012-06-27,,,8.0
2012-06-28,,,8.0
2012-06-29,,,8.0
2012-07-02,,,8.0
2012-07-03,8.11,,8.11
2012-07-04,,,8.11
2012-07-05,,,8.11
2012-07-06,,,8.11
2012-07-09,,,8.11
2012-07-10,7.87,,7.87
2012-07-11,,,7.87
2012-07-12,,,7.87
2012-07-13,,,7.87
2012-07-16,,,7.87
2012-07-17,7.68,,7.68
2012-07-18,,,7.68
2012-07-19,,,7.68
2012-07-20,,,7.68
2012-07-23,,,7.68
2012-07-24,7.13,,7.13
2012-07-25,,,7.13
2012-07-26,,,7.13
2012-07-27,,,7.13
2012-07-30,,,7.13
2012-07-31,6.64,,6.64
2012-08-01,,,6.64
2012-08-02,,,6.64
2012-08-03,,,6.64
2012-08-06,,,6.64
2012-08-07,7.21,,7.21
2012-08-08,,,7.21
2012-08-09,,,7.21
2012-08-10,,,7.21
2012-08-13,,,7.21
2012-08-14,7.51,,7.51
2012-08-15,,,7.51
2012-08-16,,,7.51
2012-08-17,,,7.51
2012-08-20,,,7.51
2012-08-21,7.6,,7.6
2012-08-22,,,7.6
2012-08-23,,,7.6
2012-08-24,,,7.6
2012-08-27,,,7.6
2012-08-28,8.25,,8.25
2012-08-29,,,8.25
2012-08-30,,,8.25
2012-08-31,,,8.25
2012-09-03,,,8.25
2012-09-04,8.24,,8.24
2012-09-05,,,8.24
2012-09-06,,,8.24
2012-09-07,,,8.24
2012-09-10,,,8.24
2012-09-11,7.72,,7.72
2012-09-12,,,7.72
2012-09-13,,,7.72
2012-09-14,,,7.72
2012-09-17,,,7.72
2012-09-18,7.25,,7.25
2012-09-19,,,7.25
2012-09-20,,,7.25
2012-09-21,,,7.25
2012-09-24,,,7.25
2012-09-25,7.21,,7.21
2012-09-26,,,7.21
2012-09-27,,,7.21
2012-09-28,,,7.21
2012-10-01,,,7.21
2012-10-02,7.79,,7.79
2012-10-04,,,7.79
2012-10-05,,,7.79
2012-10-08,,,7.79
2012-10-09,7.85,,7.85
2012-10-10,,,7.85
2012-10-11,7.59,,7.59
2012-10-12,,,7.59
2012-10-15,,,7.59
2012-10-16,7.76,,7.76
2012-10-17,,,7.76
2012-10-18,,,7.76
2012-10-19,,,7.76
2012-10-22,,,7.76
2012-10-23,7.85,,7.85
2012-10-24,,,7.85
2012-10-25,,,7.85
2012-10-26,7.54,,7.54
2012-10-29,,,7.54
2012-10-30,8.12,,8.12
2012-10-31,7.01,,7.01
2012-11-01,,,7.01
2012-11-02,7.96,,7.96
2012-11-05,,,7.96
2012-11-06,8.24,,8.24
2012-11-07,,,8.24
2012-11-08,,,8.24
2012-11-09,8.2,,8.2
2012-11-12,,,8.2
2012-11-13,8.49,,8.49
2012-11-14,,,8.49
2012-11-15,7.3,,7.3
2012-11-16,6.75,,6.75
2012-11-19,,,6.75
2012-11-20,6.47,,6.47
2012-11-21,,,6.47
2012-11-22,6.64,,6.64
2012-11-23,6.75,,6.75
2012-11-26,,,6.75
2012-11-27,6.7,,6.7
2012-11-28,,,6.7
2012-11-29,6.68,,6.68
2012-11-30,6.23,,6.23
2012-12-03,,,6.23
2012-12-04,5.82,,5.82
2012-12-05,,,5.82
2012-12-06,6.3,,6.3
2012-12-07,6.42,,6.42
2012-12-10,6.63,,6.63
2012-12-11,6.91,,6.91
2012-12-12,,,6.91
2012-12-13,6.55,,6.55
2012-12-14,6.57,,6.57
2012-12-17,6.29,,6.29
2012-12-18,6.45,,6.45
2012-12-19,,,6.45
2012-12-20,,,6.45
2012-12-21,,,6.45
2012-12-27,,,6.45
2012-12-28,,,6.45
2013-01-02,,,6.45
2013-01-03,,,6.45
2013-01-04,,,6.45
2013-01-07,6.18,,6.18
2013-01-08,6.35,,6.35
2013-01-09,,,6.35
2013-01-10,5.93,,5.93
2013-01-11,5.75,,5.75
2013-01-14,5.55,,5.55
2013-01-15,5.77,,5.77
2013-01-16,,,5.77
2013-01-17,5.36,,5.36
2013-01-18,,,5.36
2013-01-21,4.7,,4.7
2013-01-22,4.88,,4.88
2013-01-23,,,4.88
2013-01-24,4.58,,4.58
2013-01-25,3.88,,3.88
2013-01-28,3.9,,3.9
2013-01-29,3.88,,3.88
2013-01-30,,,3.88
2013-01-31,3.43,,3.43
2013-02-01,3.15,,3.15
2013-02-04,4.0,,4.0
2013-02-05,4.1,,4.1
2013-02-06,,,4.1
2013-02-07,4.24,,4.24
2013-02-08,4.32,,4.32
2013-02-11,4.19,,4.19
2013-02-12,4.44,,4.44
2013-02-13,,,4.44
2013-02-14,5.0,,5.0
2013-02-15,4.96,,4.96
2013-02-18,5.14,,5.14
2013-02-19,4.31,,4.31
2013-02-20,,,4.31
2013-02-21,4.68,,4.68
2013-02-22,,,4.68
2013-02-25,4.76,,4.76
2013-02-26,4.29,,4.29
2013-02-27,,,4.29
2013-02-28,4.38,,4.38
2013-03-01,4.64,,4.64
2013-03-04,4.54,,4.54
2013-03-05,4.34,,4.34
2013-03-06,,,4.34
2013-03-07,4.12,,4.12
2013-03-08,4.15,,4.15
2013-03-11,4.01,,4.01
2013-03-12,3.66,,3.66
2013-03-13,,,3.66
2013-03-14,3.36,,3.36
2013-03-15,3.47,,3.47
2013-03-18,3.47,,3.47
2013-03-19,3.32,,3.32
2013-03-20,3.67,,3.67
2013-03-21,4.06,,4.06
2013-03-22,4.23,,4.23
2013-03-25,4.1,,4.1
2013-03-26,4.72,,4.72
2013-03-27,,,4.72
2013-03-28,4.72,,4.72
2013-04-02,4.4,,4.4
2013-04-03,,,4.4
2013-04-04,4.69,,4.69
2013-04-05,5.05,,5.05
2013-04-08,4.98,,4.98
2013-04-09,4.9,,4.9
2013-04-10,,,4.9
2013-04-11,4.3,,4.3
2013-04-12,4.4,,4.4
2013-04-15,4.68,,4.68
2013-04-16,4.67,,4.67
2013-04-17,,,4.67
2013-04-18,2.75,,2.75
2013-04-19,3.1,,3.1
2013-04-22,2.77,,2.77
2013-04-23,2.76,,2.76
2013-04-24,2.99,,2.99
2013-04-25,2.95,,2.95
2013-04-26,2.95,,2.95
2013-04-29,3.04,,3.04
2013-04-30,3.23,,3.23
2013-05-02,2.9,,2.9
2013-05-03,2.95,,2.95
2013-05-06,3.65,,3.65
2013-05-07,3.68,,3.68
2013-05-08,,,3.68
2013-05-10,3.52,,3.52
2013-05-13,3.23,,3.23
2013-05-14,3.23,,3.23
2013-05-15,,,3.23
2013-05-16,3.47,,3.47
2013-05-17,3.55,,3.55
2013-05-21,3.49,,3.49
2013-05-22,,,3.49
2013-05-23,3.2,,3.2
2013-05-24,3.3,,3.3
2013-05-27,3.41,,3.41
2013-05-28,3.5,,3.5
2013-05-29,,,3.5
2013-05-30,3.65,,3.65
2013-05-31,3.96,,3.96
2013-06-03,3.8,,3.8
2013-06-04,3.9,,3.9
2013-06-05,,,3.9
2013-06-06,3.9,,3.9
2013-06-07,4.12,,4.12
2013-06-10,4.14,,4.14
2013-06-11,3.97,,3.97
2013-06-12,,,3.97
2013-06-13,4.55,,4.55
2013-06-14,4.4,,4.4
2013-06-17,4.65,,4.65
2013-06-18,4.63,,4.63
2013-06-19,,,4.63
2013-06-20,4.3,,4.3
2013-06-21,4.33,,4.33
2013-06-24,4.19,,4.19
2013-06-25,4.04,,4.04
2013-06-26,,,4.04
2013-06-27,4.31,,4.31
2013-06-28,4.31,,4.31
2013-07-01,4.06,,4.06
2013-07-02,4.23,,4.23
2013-07-03,,,4.23
2013-07-04,4.55,,4.55
2013-07-05,4.4,,4.4
2013-07-08,4.16,,4.16
2013-07-09,4.2,,4.2
2013-07-10,,,4.2
2013-07-11,4.06,,4.06
2013-07-12,3.95,,3.95
2013-07-15,3.99,,3.99
2013-07-16,4.11,,4.11
2013-07-17,,,4.11
2013-07-18,4.1,,4.1
2013-07-19,4.06,,4.06
2013-07-22,4.1,,4.1
2013-07-23,4.26,,4.26
2013-07-24,,,4.26
2013-07-25,4.3,,4.3
2013-07-26,4.28,,4.28
2013-07-29,4.24,,4.24
2013-07-30,4.33,,4.33
2013-07-31,,,4.33
2013-08-01,4.36,,4.36
2013-08-02,4.3,,4.3
2013-08-05,4.4,,4.4
2013-08-06,4.39,,4.39
2013-08-07,,,4.39
2013-08-08,4.43,,4.43
2013-08-09,4.48,,4.48
2013-08-12,4.4,,4.4
2013-08-13,4.28,,4.28
2013-08-14,,,4.28
2013-08-15,,,4.28
2013-08-16,4.33,,4.33
2013-08-19,4.31,,4.31
2013-08-20,4.28,,4.28
2013-08-21,,,4.28
2013-08-22,4.43,,4.43
2013-08-23,4.49,,4.49
2013-08-26,,,4.49
2013-08-27,4.44,,4.44
2013-08-28,,,4.44
2013-08-29,4.57,,4.57
2013-08-30,4.54,,4.54
2013-09-02,4.49,,4.49
2013-09-03,4.38,,4.38
2013-09-04,,,4.38
2013-09-05,4.75,,4.75
2013-09-06,5.05,,5.05
2013-09-09,5.38,,5.38
2013-09-10,5.13,,5.13
2013-09-11,,,5.13
2013-09-12,5.3,,5.3
2013-09-13,5.37,,5.37
2013-09-16,5.42,,5.42
2013-09-17,5.44,,5.44
2013-09-18,,,5.44
2013-09-19,5.4,,5.4
2013-09-20,5.3,,5.3
2013-09-23,5.37,,5.37
2013-09-24,5.47,,5.47
2013-09-25,,,5.47
2013-09-26,5.33,,5.33
2013-09-27,5.38,,5.38
2013-09-30,5.15,,5.15
2013-10-01,5.05,,5.05
2013-10-02,,,5.05
2013-10-04,5.12,,5.12
2013-10-07,5.05,,5.05
2013-10-08,4.88,,4.88
2013-10-09,,,4.88
2013-10-10,4.7,,4.7
2013-10-11,4.58,,4.58
2013-10-14,4.56,,4.56
2013-10-15,5.07,,5.07
2013-10-16,,,5.07
2013-10-17,5.27,,5.27
2013-10-18,5.14,,5.14
2013-10-21,4.78,,4.78
2013-10-22,4.64,,4.64
2013-10-23,,,4.64
2013-10-24,4.58,,4.58
2013-10-25,4.61,,4.61
2013-10-28,4.81,,4.81
2013-10-29,4.78,,4.78
2013-10-30,,,4.78
2013-10-31,4.87,,4.87
2013-11-01,4.63,,4.63
2013-11-04,4.64,,4.64
2013-11-05,4.7,,4.7
2013-11-06,,,4.7
2013-11-07,4.73,,4.73
2013-11-08,4.78,,4.78
2013-11-11,4.47,,4.47
2013-11-12,4.57,,4.57
2013-11-13,,,4.57
2013-11-14,4.63,,4.63
2013-11-15,4.46,,4.46
2013-11-18,4.33,,4.33
2013-11-19,4.44,,4.44
2013-11-20,,,4.44
2013-11-21,4.44,,4.44
2013-11-22,4.48,,4.48
2013-11-25,4.38,,4.38
2013-11-26,4.41,,4.41
2013-11-27,,,4.41
2013-11-28,4.41,,4.41
2013-11-29,4.36,,4.36
2013-12-02,4.36,,4.36
2013-12-03,4.47,,4.47
2013-12-04,,,4.47
2013-12-05,4.49,,4.49
2013-12-06,4.7,,4.7
2013-12-09,4.65,,4.65
2013-12-10,4.8,,4.8
2013-12-11,,,4.8
2013-12-12,4.77,,4.77
2013-12-13,4.84,,4.84
2013-12-16,4.69,,4.69
2013-12-17,4.7,,4.7
2013-12-18,,,4.7
2013-12-19,,,4.7
2013-12-20,,,4.7
2013-12-23,,,4.7
2013-12-27,,,4.7
2013-12-30,,,4.7
2014-01-02,,,4.7
2014-01-03,,,4.7
2014-01-06,,,4.7
2014-01-07,4.65,,4.65
2014-01-08,4.69,,4.69
2014-01-09,4.56,,4.56
2014-01-10,4.45,,4.45
2014-01-13,4.52,,4.52
2014-01-14,4.73,,4.73
2014-01-15,,,4.73
2014-01-16,5.01,,5.01
2014-01-17,5.04,,5.04
2014-01-20,5.05,,5.05
2014-01-21,4.93,,4.93
2014-01-22,,,4.93
2014-01-23,5.02,,5.02
2014-01-24,4.97,,4.97
2014-01-27,5.34,,5.34
2014-01-28,5.47,,5.47
2014-01-29,,,5.47
2014-01-30,5.55,,5.55
2014-01-31,5.6,,5.6
2014-02-03,5.48,,5.48
2014-02-04,5.93,,5.93
2014-02-05,5.97,,5.97
2014-02-06,6.01,,6.01
2014-02-07,6.45,,6.45
2014-02-10,6.34,,6.34
2014-02-11,6.3,,6.3
2014-02-12,,,6.3
2014-02-13,6.21,,6.21
2014-02-14,6.31,,6.31
2014-02-17,6.7,,6.7
2014-02-18,6.74,,6.74
2014-02-19,,,6.74
2014-02-20,6.92,,6.92
2014-02-21,6.85,,6.85
2014-02-24,7.1,,7.1
2014-02-25,6.85,,6.85
2014-02-26,,,6.85
2014-02-27,6.47,,6.47
2014-02-28,6.83,,6.83
2014-03-03,6.97,,6.97
2014-03-04,6.65,,6.65
2014-03-05,6.89,,6.89
2014-03-06,6.71,,6.71
2014-03-07,6.72,,6.72
2014-03-10,6.93,,6.93
2014-03-11,6.81,,6.81
2014-03-12,,,6.81
2014-03-13,6.51,,6.51
2014-03-14,6.19,,6.19
2014-03-17,6.15,,6.15
2014-03-18,6.0,,6.0
2014-03-19,,,6.0
2014-03-20,6.0,,6.0
2014-03-21,6.1,,6.1
2014-03-24,6.08,,6.08
2014-03-25,5.8,,5.8
2014-03-26,,,5.8
2014-03-27,5.35,,5.35
2014-03-28,5.1,,5.1
2014-03-31,4.17,,4.17
2014-04-01,4.9,,4.9
2014-04-02,,,4.9
2014-04-03,4.6,,4.6
2014-04-04,4.75,,4.75
2014-04-07,4.72,,4.72
2014-04-08,5.03,,5.03
2014-04-09,,,5.03
2014-04-10,5.0,,5.0
2014-04-11,5.26,,5.26
2014-04-14,5.3,,5.3
2014-04-15,5.23,,5.23
2014-04-16,,,5.23
2014-04-17,5.46,,5.46
2014-04-22,5.62,,5.62
2014-04-23,,,5.62
2014-04-24,5.77,,5.77
2014-04-25,5.52,,5.52
2014-04-28,5.21,,5.21
2014-04-29,5.39,,5.39
2014-04-30,,,5.39
2014-05-02,5.28,,5.28
2014-05-05,5.03,,5.03
2014-05-06,5.25,,5.25
2014-05-07,,,5.25
2014-05-08,5.09,,5.09
2014-05-09,5.1,,5.1
2014-05-12,5.28,,5.28
2014-05-13,5.34,,5.34
2014-05-14,,,5.34
2014-05-15,4.75,,4.75
2014-05-16,4.72,,4.72
2014-05-19,4.6,,4.6
2014-05-20,4.59,,4.59
2014-05-21,,,4.59
2014-05-22,5.23,,5.23
2014-05-23,5.08,,5.08
2014-05-26,4.98,,4.98
2014-05-27,5.05,,5.05
2014-05-28,,,5.05
2014-05-29,,,5.05
2014-05-30,5.1,,5.1
2014-06-02,4.94,,4.94
2014-06-03,5.19,,5.19
2014-06-04,,,5.19
2014-06-05,5.5,,5.5
2014-06-06,5.41,,5.41
2014-06-09,,,5.41
2014-06-10,5.45,,5.45
2014-06-11,,,5.45
2014-06-12,5.4,,5.4
2014-06-13,5.63,,5.63
2014-06-16,5.68,,5.68
2014-06-17,5.55,,5.55
2014-06-18,,,5.55
2014-06-19,5.6,,5.6
2014-06-20,5.56,,5.56
2014-06-23,5.64,,5.64
2014-06-24,5.84,,5.84
2014-06-25,,,5.84
2014-06-26,5.77,,5.77
2014-06-27,5.7,,5.7
2014-06-30,5.82,,5.82
2014-07-01,5.8,,5.8
2014-07-02,,,5.8
2014-07-03,5.97,,5.97
2014-07-04,5.91,,5.91
2014-07-07,5.5,,5.5
2014-07-08,5.6,,5.6
2014-07-09,,,5.6
2014-07-10,5.72,,5.72
2014-07-11,5.64,,5.64
2014-07-14,5.7,,5.7
2014-07-15,5.88,,5.88
2014-07-16,,,5.88
2014-07-17,6.07,,6.07
2014-07-18,6.0,,6.0
2014-07-21,6.02,,6.02
2014-07-22,6.1,,6.1
2014-07-23,,,6.1
2014-07-24,6.1,,6.1
2014-07-25,5.99,,5.99
2014-07-28,6.05,,6.05
2014-07-29,6.1,,6.1
2014-07-30,,,6.1
2014-07-31,6.11,,6.11
2014-08-01,6.29,,6.29
2014-08-04,6.27,,6.27
2014-08-05,6.17,,6.17
2014-08-06,,,6.17
2014-08-07,6.2,,6.2
2014-08-08,5.93,,5.93
2014-08-11,5.95,,5.95
2014-08-12,6.07,,6.07
2014-08-13,,,6.07
2014-08-14,6.22,,6.22
2014-08-15,6.18,,6.18
2014-08-18,6.34,,6.34
2014-08-19,6.28,,6.28
2014-08-20,,,6.28
2014-08-21,6.43,,6.43
2014-08-22,6.34,,6.34
2014-08-25,6.3,,6.3
2014-08-26,6.26,,6.26
2014-08-27,,,6.26
2014-08-28,6.38,,6.38
2014-08-29,6.4,,6.4
2014-09-01,6.25,,6.25
2014-09-02,6.35,,6.35
2014-09-03,5.7,,5.7
2014-09-04,6.25,,6.25
2014-09-05,6.04,,6.04
2014-09-08,6.25,,6.25
2014-09-09,6.23,,6.23
2014-09-10,,,6.23
2014-09-11,6.07,,6.07
2014-09-12,6.06,,6.06
2014-09-15,5.95,,5.95
2014-09-16,5.81,,5.81
2014-09-17,,,5.81
2014-09-18,5.83,,5.83
2014-09-19,5.94,,5.94
2014-09-22,5.98,,5.98
2014-09-23,5.9,,5.9
2014-09-24,,,5.9
2014-09-25,5.72,,5.72
2014-09-26,5.8,,5.8
2014-09-29,5.85,,5.85
2014-09-30,5.68,,5.68
2014-10-01,5.5,,5.5
2014-10-02,5.74,,5.74
2014-10-03,,,5.74
2014-10-06,5.67,,5.67
2014-10-07,5.67,,5.67
2014-10-08,,,5.67
2014-10-09,6.06,,6.06
2014-10-10,6.03,,6.03
2014-10-13,5.88,,5.88
2014-10-14,6.01,,6.01
2014-10-15,,,6.01
2014-10-16,6.16,,6.16
2014-10-17,6.23,,6.23
2014-10-20,6.03,,6.03
2014-10-21,6.15,,6.15
2014-10-22,,,6.15
2014-10-23,6.16,,6.16
2014-10-24,6.35,,6.35
2014-10-27,6.33,,6.33
2014-10-28,6.26,,6.26
2014-10-29,5.92,,5.92
2014-10-30,6.38,,6.38
2014-10-31,6.35,,6.35
2014-11-03,6.3,,6.3
2014-11-04,6.56,,6.56
2014-11-05,,,6.56
2014-11-06,6.61,,6.61
2014-11-07,6.6,,6.6
2014-11-10,6.7,,6.7
2014-11-11,6.68,,6.68
2014-11-12,,,6.68
2014-11-13,6.78,,6.78
2014-11-14,6.7,,6.7
2014-11-17,6.64,,6.64
2014-11-18,6.91,,6.91
2014-11-19,,,6.91
2014-11-20,6.93,,6.93
2014-11-21,6.88,,6.88
2014-11-24,7.02,,7.02
2014-11-25,7.05,,7.05
2014-11-26,6.9,,6.9
2014-11-27,7.09,,7.09
2014-11-28,7.02,,7.02
2014-12-01,6.95,,6.95
2014-12-02,7.0,,7.0
2014-12-03,,,7.0
2014-12-04,6.77,,6.77
2014-12-05,6.66,,6.66
2014-12-08,6.58,,6.58
2014-12-09,6.6,,6.6
2014-12-10,,,6.6
2014-12-11,6.65,,6.65
2014-12-12,6.64,,6.64
2014-12-15,6.6,,6.6
2014-12-16,6.93,,6.93
2014-12-17,,,6.93
2014-12-18,,,6.93
2014-12-19,,,6.93
2014-12-22,,,6.93
2014-12-23,,,6.93
2014-12-29,,,6.93
2014-12-30,,,6.93
2015-01-02,,,6.93
2015-01-05,,,6.93
2015-01-06,,,6.93
2015-01-07,,,6.93
2015-01-08,6.7,,6.7
2015-01-09,6.71,,6.71
2015-01-12,6.59,,6.59
2015-01-13,6.77,,6.77
2015-01-14,6.99,,6.99
2015-01-15,7.1,,7.1
2015-01-16,7.05,,7.05
2015-01-19,7.06,,7.06
2015-01-20,7.25,,7.25
2015-01-21,,,7.25
2015-01-22,7.02,,7.02
2015-01-23,6.81,,6.81
2015-01-26,6.76,,6.76
2015-01-27,6.82,,6.82
2015-01-28,6.76,,6.76
2015-01-29,6.92,,6.92
2015-01-30,6.96,,6.96
2015-02-02,7.06,,7.06
2015-02-03,7.06,,7.06
2015-02-04,,,7.06
2015-02-05,6.87,,6.87
2015-02-06,6.92,,6.92
2015-02-09,6.86,,6.86
2015-02-10,6.88,,6.88
2015-02-11,6.87,,6.87
2015-02-12,7.29,,7.29
2015-02-13,7.35,,7.35
2015-02-16,7.66,,7.66
2015-02-17,7.62,,7.62
2015-02-18,,,7.62
2015-02-19,7.37,,7.37
2015-02-20,7.26,,7.26
2015-02-23,7.2,,7.2
2015-02-24,7.66,,7.66
2015-02-25,7.35,,7.35
2015-02-26,7.29,,7.29
2015-02-27,6.93,,6.93
2015-03-02,6.9,,6.9
2015-03-03,6.82,,6.82
2015-03-04,,,6.82
2015-03-05,6.96,,6.96
2015-03-06,6.7,,6.7
2015-03-09,6.66,,6.66
2015-03-10,6.67,,6.67
2015-03-11,6.48,,6.48
2015-03-12,6.61,,6.61
2015-03-13,6.26,,6.26
2015-03-16,6.36,,6.36
2015-03-17,6.45,,6.45
2015-03-18,,,6.45
2015-03-19,6.7,,6.7
2015-03-20,6.7,,6.7
2015-03-23,6.94,,6.94
2015-03-24,7.02,,7.02
2015-03-25,6.77,,6.77
2015-03-26,7.0,,7.0
2015-03-27,6.9,,6.9
2015-03-30,6.81,,6.81
2015-03-31,6.79,,6.79
2015-04-01,,,6.79
2015-04-02,7.14,,7.14
2015-04-07,7.08,,7.08
2015-04-08,,,7.08
2015-04-09,7.12,,7.12
2015-04-10,6.96,,6.96
2015-04-13,6.82,,6.82
2015-04-14,6.77,,6.77
2015-04-15,,,6.77
2015-04-16,6.82,,6.82
2015-04-17,6.83,,6.83
2015-04-20,6.88,,6.88
2015-04-21,7.07,,7.07
2015-04-22,6.75,,6.75
2015-04-23,7.06,,7.06
2015-04-24,7.27,,7.27
2015-04-27,7.33,,7.33
2015-04-28,7.16,,7.16
2015-04-29,,,7.16
2015-04-30,7.52,,7.52
2015-05-04,,,7.52
2015-05-05,7.5,,7.5
2015-05-06,7.25,,7.25
2015-05-07,7.5,,7.5
2015-05-08,7.43,,7.43
2015-05-11,7.5,,7.5
2015-05-12,7.62,,7.62
2015-05-13,,,7.62
2015-05-14,,,7.62
2015-05-15,7.48,,7.48
2015-05-18,7.54,,7.54
2015-05-19,7.51,,7.51
2015-05-20,7.38,,7.38
2015-05-21,7.3,,7.3
2015-05-22,7.25,,7.25
2015-05-26,7.28,,7.28
2015-05-27,,,7.28
2015-05-28,7.2,,7.2
2015-05-29,7.22,,7.22
2015-06-01,7.23,,7.23
2015-06-02,7.26,,7.26
2015-06-03,,,7.26
2015-06-04,,,7.26
2015-06-05,7.4,,7.4
2015-06-08,7.38,,7.38
2015-06-09,7.48,,7.48
2015-06-10,,,7.48
2015-06-11,7.58,,7.58
2015-06-12,7.52,,7.52
2015-06-15,7.54,,7.54
2015-06-16,7.48,,7.48
2015-06-17,,,7.48
2015-06-18,7.45,,7.45
2015-06-19,7.41,,7.41
2015-06-22,7.43,,7.43
2015-06-23,7.45,,7.45
2015-06-24,,,7.45
2015-06-25,7.52,,7.52
2015-06-26,7.5,,7.5
2015-06-29,7.36,,7.36
2015-06-30,7.36,,7.36
2015-07-01,7.16,,7.16
2015-07-02,7.42,,7.42
2015-07-03,7.42,,7.42
2015-07-06,7.33,,7.33
2015-07-07,7.35,,7.35
2015-07-08,,,7.35
2015-07-09,7.43,,7.43
2015-07-10,7.52,,7.52
2015-07-13,7.64,,7.64
2015-07-14,7.72,,7.72
2015-07-15,,,7.72
2015-07-16,7.69,,7.69
2015-07-17,7.6,,7.6
2015-07-20,7.76,,7.76
2015-07-21,7.92,,7.92
2015-07-22,,,7.92
2015-07-23,8.04,,8.04
2015-07-24,8.01,,8.01
2015-07-27,7.98,,7.98
2015-07-28,7.95,,7.95
2015-07-29,8.03,,8.03
2015-07-30,8.0,,8.0
2015-07-31,7.82,,7.82
2015-08-03,7.91,,7.91
2015-08-04,7.94,,7.94
2015-08-05,,,7.94
2015-08-06,7.83,,7.83
2015-08-07,7.79,,7.79
2015-08-10,7.78,,7.78
2015-08-11,7.95,,7.95
2015-08-12,,,7.95
2015-08-13,8.18,,8.18
2015-08-14,8.15,,8.15
2015-08-17,8.26,,8.26
2015-08-18,8.17,,8.17
2015-08-19,,,8.17
2015-08-20,8.31,,8.31
2015-08-21,8.31,,8.31
2015-08-24,8.08,,8.08
2015-08-25,8.22,,8.22
2015-08-26,,,8.22
2015-08-27,8.07,,8.07
2015-08-28,8.04,,8.04
2015-08-31,,,8.04
2015-09-01,7.98,,7.98
2015-09-02,,,7.98
2015-09-03,8.06,,8.06
2015-09-04,8.06,,8.06
2015-09-07,8.02,,8.02
2015-09-08,8.09,,8.09
2015-09-09,7.94,,7.94
2015-09-10,8.25,,8.25
2015-09-11,8.22,,8.22
2015-09-14,8.21,,8.21
2015-09-15,8.17,,8.17
2015-09-16,,,8.17
2015-09-17,8.18,,8.18
2015-09-18,8.16,,8.16
2015-09-21,8.04,,8.04
2015-09-22,7.98,,7.98
2015-09-23,8.04,,8.04
2015-09-24,7.99,,7.99
2015-09-25,7.94,,7.94
2015-09-28,7.92,,7.92
2015-09-29,7.87,,7.87
2015-09-30,,,7.87
2015-10-01,8.2,,8.2
2015-10-02,8.1,,8.1
2015-10-05,8.16,,8.16
2015-10-06,8.16,,8.16
2015-10-07,7.97,,7.97
2015-10-08,8.11,,8.11
2015-10-09,8.16,,8.16
2015-10-12,8.26,,8.26
2015-10-13,8.3,,8.3
2015-10-14,,,8.3
2015-10-15,8.46,,8.46
2015-10-16,8.37,,8.37
2015-10-19,8.35,,8.35
2015-10-20,8.32,,8.32
2015-10-21,,,8.32
2015-10-22,8.44,,8.44
2015-10-23,8.52,,8.52
2015-10-26,8.55,,8.55
2015-10-27,8.63,,8.63
2015-10-28,,,8.63
2015-10-29,8.59,,8.59
2015-10-30,8.59,,8.59
2015-11-02,8.54,,8.54
2015-11-03,8.58,,8.58
2015-11-04,8.25,,8.25
2015-11-05,8.4,,8.4
2015-11-06,8.45,,8.45
2015-11-09,8.35,,8.35
2015-11-10,8.28,,8.28
2015-11-11,,,8.28
2015-11-12,8.36,,8.36
2015-11-13,8.34,,8.34
2015-11-16,8.43,,8.43
2015-11-17,8.49,,8.49
2015-11-18,8.51,,8.51
2015-11-19,8.57,,8.57
2015-11-20,8.59,,8.59
2015-11-23,8.46,,8.46
2015-11-24,8.63,,8.63
2015-11-25,,,8.63
2015-11-26,8.61,,8.61
2015-11-27,8.54,,8.54
2015-11-30,8.55,,8.55
2015-12-01,8.52,,8.52
2015-12-02,,,8.52
2015-12-03,8.44,,8.44
2015-12-04,8.56,,8.56
2015-12-07,8.42,,8.42
2015-12-08,8.33,,8.33
2015-12-09,,,8.33
2015-12-10,8.32,,8.32
2015-12-11,7.98,,7.98
2015-12-14,7.92,,7.92
2015-12-15,8.05,,8.05
2015-12-16,,,8.05
2015-12-17,8.12,,8.12
2015-12-18,,,8.12
2015-12-21,,,8.12
2015-12-22,,,8.12
2015-12-23,,,8.12
2015-12-28,,,8.12
2015-12-29,,,8.12
2015-12-30,,,8.12
2016-01-04,,,8.12
2016-01-05,,,8.12
2016-01-06,,,8.12
2016-01-07,,,8.12
2016-01-08,,,8.12
2016-01-11,7.45,,7.45
2016-01-12,7.04,,7.04
2016-01-13,,,7.04
2016-01-14,7.05,,7.05
2016-01-15,6.71,,6.71
2016-01-18,6.52,,6.52
2016-01-19,6.81,,6.81
2016-01-20,6.57,,6.57
2016-01-21,6.04,,6.04
2016-01-22,6.33,,6.33
2016-01-25,5.93,,5.93
2016-01-26,5.8,,5.8
2016-01-27,,,5.8
2016-01-28,6.02,,6.02
2016-01-29,6.06,,6.06
2016-02-01,5.75,,5.75
2016-02-02,5.57,,5.57
2016-02-03,5.7,,5.7
2016-02-04,5.55,,5.55
2016-02-05,5.55,,5.55
2016-02-08,5.25,,5.25
2016-02-09,5.19,,5.19
2016-02-10,,,5.19
2016-02-11,4.65,,4.65
2016-02-12,4.94,,4.94
2016-02-15,4.97,,4.97
2016-02-16,4.78,,4.78
2016-02-17,4.8,,4.8
2016-02-18,5.22,,5.22
2016-02-19,5.26,,5.26
2016-02-22,5.2,,5.2
2016-02-23,5.14,,5.14
2016-02-24,,,5.14
2016-02-25,4.78,,4.78
2016-02-26,5.08,,5.08
2016-02-29,4.85,,4.85
2016-03-01,4.9,,4.9
2016-03-02,4.8,,4.8
2016-03-03,4.88,,4.88
2016-03-04,4.8,,4.8
2016-03-07,4.95,,4.95
2016-03-08,5.0,,5.0
2016-03-09,,,5.0
2016-03-10,5.0,,5.0
2016-03-11,5.01,,5.01
2016-03-14,4.92,,4.92
2016-03-15,4.81,,4.81
2016-03-16,4.94,,4.94
2016-03-17,4.92,,4.92
2016-03-18,4.92,,4.92
2016-03-21,4.86,,4.86
2016-03-22,4.8,,4.8
2016-03-23,,,4.8
2016-03-24,4.76,,4.76
2016-03-29,4.75,,4.75
2016-03-30,4.77,,4.77
2016-03-31,4.97,,4.97
2016-04-01,5.18,,5.18
2016-04-04,5.08,,5.08
2016-04-05,5.26,,5.26
2016-04-06,,,5.26
2016-04-07,5.23,,5.23
2016-04-08,5.23,,5.23
2016-04-11,5.42,,5.42
2016-04-12,5.63,,5.63
2016-04-13,5.42,,5.42
2016-04-14,5.47,,5.47
2016-04-15,5.54,,5.54
2016-04-18,5.38,,5.38
2016-04-19,5.47,,5.47
2016-04-20,,,5.47
2016-04-21,5.58,,5.58
2016-04-22,5.74,,5.74
2016-04-25,5.92,,5.92
2016-04-26,6.08,,6.08
2016-04-27,6.94,,6.94
2016-04-28,6.64,,6.64
2016-04-29,6.29,,6.29
2016-05-02,,,6.29
2016-05-03,5.88,,5.88
2016-05-04,,,5.88
2016-05-05,,,5.88
2016-05-06,6.13,,6.13
2016-05-09,5.96,,5.96
2016-05-10,5.65,,5.65
2016-05-11,5.72,,5.72
2016-05-12,6.04,,6.04
2016-05-13,5.75,,5.75
2016-05-16,,,5.75
2016-05-17,5.94,,5.94
2016-05-18,,,5.94
2016-05-19,5.87,,5.87
2016-05-20,5.95,,5.95
2016-05-23,5.85,,5.85
2016-05-24,5.73,,5.73
2016-05-25,,,5.73
2016-05-26,,,5.73
2016-05-27,5.9,,5.9
2016-05-30,,,5.9
2016-05-31,6.0,,6.0
2016-06-01,,,6.0
2016-06-02,5.96,,5.96
2016-06-03,5.96,,5.96
2016-06-06,6.05,,6.05
2016-06-07,6.14,,6.14
2016-06-08,,,6.14
2016-06-09,6.05,,6.05
2016-06-10,5.93,,5.93
2016-06-13,5.83,,5.83
2016-06-14,5.78,,5.78
2016-06-15,,,5.78
2016-06-16,5.82,,5.82
2016-06-17,5.68,,5.68
2016-06-20,5.76,,5.76
2016-06-21,5.68,,5.68
2016-06-22,5.55,,5.55
2016-06-23,5.6,,5.6
2016-06-24,4.96,,4.96
2016-06-27,4.86,,4.86
2016-06-28,4.8,,4.8
2016-06-29,,,4.8
2016-06-30,4.47,,4.47
2016-07-01,4.35,,4.35
2016-07-04,4.77,,4.77
2016-07-05,4.86,,4.86
2016-07-06,4.49,,4.49
2016-07-07,4.7,,4.7
2016-07-08,4.45,,4.45
2016-07-11,4.45,,4.45
2016-07-12,4.53,,4.53
2016-07-13,,,4.53
2016-07-14,4.79,,4.79
2016-07-15,4.65,,4.65
2016-07-18,4.97,,4.97
2016-07-19,4.75,,4.75
2016-07-20,4.65,,4.65
2016-07-21,4.7,,4.7
2016-07-22,4.6,,4.6
2016-07-25,4.56,,4.56
2016-07-26,4.51,,4.51
2016-07-27,,,4.51
2016-07-28,4.58,,4.58
2016-07-29,4.38,,4.38
2016-08-01,4.38,,4.38
2016-08-02,4.32,,4.32
2016-08-03,,,4.32
2016-08-04,4.6,,4.6
2016-08-05,4.75,,4.75
2016-08-08,4.79,,4.79
2016-08-09,4.87,,4.87
2016-08-10,,,4.87
2016-08-11,4.75,,4.75
2016-08-12,4.86,,4.86
2016-08-15,,,4.86
2016-08-16,4.78,,4.78
2016-08-17,4.65,,4.65
2016-08-18,4.55,,4.55
2016-08-19,4.71,,4.71
2016-08-22,,,4.71
2016-08-23,,,4.71
2016-08-24,,,4.71
2016-08-25,,,4.71
2016-08-26,4.71,,4.71
2016-08-29,,,4.71
2016-08-30,,,4.71
2016-08-31,,,4.71
2016-09-01,,,4.71
2016-09-02,4.32,,4.32
2016-09-05,4.02,,4.02
2016-09-06,3.94,,3.94
2016-09-07,,,3.94
2016-09-08,4.02,,4.02
2016-09-09,4.07,,4.07
2016-09-12,3.94,,3.94
2016-09-13,3.97,,3.97
2016-09-14,,,3.97
2016-09-15,3.94,,3.94
2016-09-16,4.26,,4.26
2016-09-19,4.23,,4.23
2016-09-20,4.3,,4.3
2016-09-21,,,4.3
2016-09-22,4.33,,4.33
2016-09-23,4.38,,4.38
2016-09-26,4.5,,4.5
2016-09-27,4.51,,4.51
2016-09-28,4.57,,4.57
2016-09-29,5.06,,5.06
2016-09-30,5.0,,5.0
2016-10-03,,,5.0
2016-10-04,5.17,,5.17
2016-10-05,,,5.17
2016-10-06,5.68,,5.68
2016-10-07,5.62,,5.62
2016-10-10,5.53,,5.53
2016-10-11,5.58,,5.58
2016-10-12,,,5.58
2016-10-13,5.59,,5.59
2016-10-14,5.65,,5.65
2016-10-17,5.84,,5.84
2016-10-18,5.89,,5.89
2016-10-19,,,5.89
2016-10-20,5.7,,5.7
2016-10-21,5.58,,5.58
2016-10-24,5.92,,5.92
2016-10-25,5.78,,5.78
2016-10-26,,,5.78
2016-10-27,5.9,,5.9
2016-10-28,5.7,,5.7
2016-10-31,5.76,,5.76
2016-11-01,,,5.76
2016-11-02,,,5.76
2016-11-03,6.35,,6.35
2016-11-04,6.54,,6.54
2016-11-07,6.46,,6.46
2016-11-08,6.1,,6.1
2016-11-09,,,6.1
2016-11-10,5.95,,5.95
2016-11-11,5.85,,5.85
2016-11-14,5.54,,5.54
2016-11-15,5.55,,5.55
2016-11-16,,,5.55
2016-11-17,5.6,,5.6
2016-11-18,5.73,,5.73
2016-11-21,5.44,,5.44
2016-11-22,5.42,,5.42
2016-11-23,5.46,,5.46
2016-11-24,5.29,,5.29
2016-11-25,5.05,,5.05
2016-11-28,4.8,,4.8
2016-11-29,4.56,,4.56
2016-11-30,,,4.56
2016-12-01,4.44,,4.44
2016-12-02,4.32,,4.32
2016-12-05,4.16,,4.16
2016-12-06,4.15,,4.15
2016-12-07,,,4.15
2016-12-08,4.23,,4.23
2016-12-09,4.48,,4.48
2016-12-12,4.65,,4.65
2016-12-13,4.82,,4.82
2016-12-14,,,4.82
2016-12-15,4.96,,4.96
2016-12-16,4.59,,4.59
2016-12-19,,,4.59
2016-12-20,,,4.59
2016-12-21,,,4.59
2016-12-22,,,4.59
2016-12-23,,,4.59
2016-12-27,,,4.59
2016-12-28,,,4.59
2016-12-29,,,4.59
2016-12-30,,,4.59
2017-01-02,,,4.59
2017-01-03,,,4.59
2017-01-04,,,4.59
2017-01-05,,,4.59
2017-01-06,,,4.59
2017-01-09,5.0,,5.0
2017-01-10,5.6,,5.6
2017-01-11,,,5.6
2017-01-12,5.3,,5.3
2017-01-13,5.06,,5.06
2017-01-16,4.96,,4.96
2017-01-17,4.8,,4.8
2017-01-18,,,4.8
2017-01-19,4.88,,4.88
2017-01-20,5.16,,5.16
2017-01-23,5.34,,5.34
2017-01-24,5.23,,5.23
2017-01-25,,,5.23
2017-01-26,4.93,,4.93
2017-01-27,5.05,,5.05
2017-01-30,4.99,,4.99
2017-01-31,5.2,,5.2
2017-02-01,,,5.2
2017-02-02,5.24,,5.24
2017-02-03,5.22,,5.22
2017-02-06,5.08,,5.08
2017-02-07,5.08,,5.08
2017-02-08,,,5.08
2017-02-09,5.25,,5.25
2017-02-10,5.3,,5.3
2017-02-13,5.07,,5.07
2017-02-14,4.95,,4.95
2017-02-15,,,4.95
2017-02-16,4.96,,4.96
2017-02-17,4.85,,4.85
2017-02-20,5.05,,5.05
2017-02-21,5.09,,5.09
2017-02-22,,,5.09
2017-02-23,5.17,,5.17
2017-02-24,5.31,,5.31
2017-02-27,5.28,,5.28
2017-02-28,5.15,,5.15
2017-03-01,,,5.15
2017-03-02,5.74,,5.74
2017-03-03,5.55,,5.55
2017-03-06,5.47,,5.47
2017-03-07,5.43,,5.43
2017-03-08,,,5.43
2017-03-09,5.16,,5.16
2017-03-10,5.08,,5.08
2017-03-13,5.11,,5.11
2017-03-14,5.16,,5.16
2017-03-15,,,5.16
2017-03-16,5.07,,5.07
2017-03-17,5.13,,5.13
2017-03-20,5.05,,5.05
2017-03-21,4.93,,4.93
2017-03-22,,,4.93
2017-03-23,4.98,,4.98
2017-03-24,4.88,,4.88
2017-03-27,4.67,,4.67
2017-03-28,4.63,,4.63
2017-03-29,4.71,,4.71
2017-03-30,4.63,,4.63
2017-03-31,4.85,,4.85
2017-04-03,4.7,,4.7
2017-04-04,4.78,,4.78
2017-04-05,,,4.78
2017-04-06,4.86,,4.86
2017-04-07,5.06,,5.06
2017-04-10,4.84,,4.84
2017-04-11,4.77,,4.77
2017-04-12,4.84,,4.84
2017-04-13,4.93,,4.93
2017-04-18,4.85,,4.85
2017-04-19,,,4.85
2017-04-20,4.76,,4.76
2017-04-21,4.73,,4.73
2017-04-24,4.7,,4.7
2017-04-25,4.62,,4.62
2017-04-26,4.49,,4.49
2017-04-27,4.57,,4.57
2017-04-28,4.52,,4.52
2017-05-02,4.48,,4.48
2017-05-03,,,4.48
2017-05-04,4.35,,4.35
2017-05-05,4.52,,4.52
2017-05-08,4.45,,4.45
2017-05-09,4.37,,4.37
2017-05-10,4.49,,4.49
2017-05-11,4.37,,4.37
2017-05-12,4.26,,4.26
2017-05-15,4.41,,4.41
2017-05-16,4.45,,4.45
2017-05-17,,,4.45
2017-05-18,4.68,,4.68
2017-05-19,4.77,,4.77
2017-05-22,4.87,,4.87
2017-05-23,4.88,,4.88
2017-05-24,4.81,,4.81
2017-05-25,,,4.81
2017-05-26,,,4.81
2017-05-29,,,4.81
2017-05-30,5.1,,5.1
2017-05-31,,,5.1
2017-06-01,5.05,,5.05
2017-06-02,5.07,,5.07
2017-06-05,,,5.07
2017-06-06,5.16,,5.16
2017-06-07,4.97,,4.97
2017-06-08,4.96,,4.96
2017-06-09,4.98,,4.98
2017-06-12,5.03,,5.03
2017-06-13,4.99,,4.99
2017-06-14,,,4.99
2017-06-15,,,4.99
2017-06-16,,,4.99
2017-06-19,4.84,,4.84
2017-06-20,4.99,,4.99
2017-06-21,4.95,,4.95
2017-06-22,4.81,,4.81
2017-06-23,4.87,,4.87
2017-06-26,4.84,,4.84
2017-06-27,4.8,,4.8
2017-06-28,,,4.8
2017-06-29,5.05,,5.05
2017-06-30,5.02,,5.02
2017-07-03,4.98,,4.98
2017-07-04,5.06,,5.06
2017-07-05,5.1,,5.1
2017-07-06,5.07,,5.07
2017-07-07,5.24,,5.24
2017-07-10,5.5,,5.5
2017-07-11,5.37,,5.37
2017-07-12,,,5.37
2017-07-13,5.46,,5.46
2017-07-14,5.27,,5.27
2017-07-17,5.4,,5.4
2017-07-18,5.46,,5.46
2017-07-19,5.39,,5.39
2017-07-20,5.35,,5.35
2017-07-21,5.23,,5.23
2017-07-24,5.04,,5.04
2017-07-25,5.12,,5.12
2017-07-26,,,5.12
2017-07-27,5.2,,5.2
2017-07-28,5.06,,5.06
2017-07-31,5.23,,5.23
2017-08-01,5.6,,5.6
2017-08-02,5.29,,5.29
2017-08-03,5.38,,5.38
2017-08-04,5.33,,5.33
2017-08-07,5.24,,5.24
2017-08-08,5.26,,5.26
2017-08-09,,,5.26
2017-08-10,5.4,,5.4
2017-08-11,5.35,,5.35
2017-08-14,5.41,,5.41
2017-08-15,,,5.41
2017-08-16,5.62,,5.62
2017-08-17,5.9,,5.9
2017-08-18,5.8,,5.8
2017-08-21,5.81,,5.81
2017-08-22,5.75,,5.75
2017-08-23,,,5.75
2017-08-24,5.98,,5.98
2017-08-25,5.93,,5.93
2017-08-28,,,5.93
2017-08-29,6.07,,6.07
2017-08-30,6.02,,6.02
2017-08-31,5.91,,5.91
2017-09-01,5.88,,5.88
2017-09-04,5.8,,5.8
2017-09-05,6.04,,6.04
2017-09-06,,,6.04
2017-09-07,,,6.04
2017-09-08,6.9,,6.9
2017-09-11,6.8,,6.8
2017-09-12,6.65,,6.65
2017-09-13,6.95,,6.95
2017-09-14,7.42,,7.42
2017-09-15,6.96,,6.96
2017-09-18,6.85,,6.85
2017-09-19,6.95,,6.95
2017-09-20,,,6.95
2017-09-21,6.68,,6.68
2017-09-22,6.5,,6.5
2017-09-25,6.8,,6.8
2017-09-26,6.97,,6.97
2017-09-27,6.71,,6.71
2017-09-28,6.83,,6.83
2017-09-29,7.09,,7.09
2017-10-02,7.0,,7.0
2017-10-03,,,7.0
2017-10-04,,,7.0
2017-10-05,6.92,,6.92
2017-10-06,6.77,,6.77
2017-10-09,6.92,,6.92
2017-10-10,6.9,,6.9
2017-10-11,7.4,,7.4
2017-10-12,7.37,,7.37
2017-10-13,7.3,,7.3
2017-10-16,7.25,,7.25
2017-10-17,7.45,,7.45
2017-10-18,,,7.45
2017-10-19,7.86,,7.86
2017-10-20,7.56,,7.56
2017-10-23,7.43,,7.43
2017-10-24,7.41,,7.41
2017-10-25,7.34,,7.34
2017-10-26,7.46,,7.46
2017-10-27,7.25,,7.25
2017-10-30,7.15,,7.15
2017-10-31,7.11,,7.11
2017-11-01,,,7.11
2017-11-02,7.52,,7.52
2017-11-03,,,7.52
2017-11-06,7.91,,7.91
2017-11-07,7.89,,7.89
2017-11-08,7.51,,7.51
2017-11-09,7.79,,7.79
2017-11-10,7.35,,7.35
2017-11-13,7.26,,7.26
2017-11-14,7.26,,7.26
2017-11-15,,,7.26
2017-11-16,7.68,,7.68
2017-11-17,7.43,,7.43
2017-11-20,7.32,,7.32
2017-11-21,7.51,,7.51
2017-11-22,7.36,,7.36
2017-11-23,7.37,,7.37
2017-11-24,7.7,,7.7
2017-11-27,7.69,,7.69
2017-11-28,7.59,,7.59
2017-11-29,,,7.59
2017-11-30,7.6,,7.6
2017-12-01,7.5,,7.5
2017-12-04,7.63,,7.63
2017-12-05,7.49,,7.49
2017-12-06,7.24,,7.24
2017-12-07,7.23,,7.23
2017-12-08,7.24,,7.24
2017-12-11,7.1,,7.1
2017-12-12,7.37,,7.37
2017-12-13,,,7.37
2017-12-14,6.96,,6.96
2017-12-15,7.07,,7.07
2017-12-18,,,7.07
2017-12-19,,,7.07
2017-12-20,,,7.07
2017-12-21,,,7.07
2017-12-22,,,7.07
2017-12-27,,,7.07
2017-12-28,,,7.07
2017-12-29,,,7.07
2018-01-02,,,7.07
2018-01-03,,,7.07
2018-01-04,,,7.07
2018-01-05,,,7.07
2018-01-08,7.83,,7.83
2018-01-09,7.68,,7.68
2018-01-10,,,7.68
2018-01-11,7.89,,7.89
2018-01-12,7.79,,7.79
2018-01-15,7.72,,7.72
2018-01-16,7.77,,7.77
2018-01-17,7.99,,7.99
2018-01-18,8.26,,8.26
2018-01-19,8.6,,8.6
2018-01-22,8.7,,8.7
2018-01-23,8.88,,8.88
2018-01-24,,,8.88
2018-01-25,9.34,,9.34
2018-01-26,9.02,,9.02
2018-01-29,9.06,,9.06
2018-01-30,8.86,,8.86
2018-01-31,8.78,,8.78
2018-02-01,9.37,,9.37
2018-02-02,9.04,,9.04
2018-02-05,8.66,,8.66
2018-02-06,8.84,,8.84
2018-02-07,,,8.84
2018-02-08,8.93,,8.93
2018-02-09,8.97,,8.97
2018-02-12,9.08,,9.08
2018-02-13,9.53,,9.53
2018-02-14,9.88,,9.88
2018-02-15,9.64,,9.64
2018-02-16,9.53,,9.53
2018-02-19,9.58,,9.58
2018-02-20,9.7,,9.7
2018-02-21,,,9.7
2018-02-22,9.56,,9.56
2018-02-23,9.68,,9.68
2018-02-26,9.56,,9.56
2018-02-27,9.54,,9.54
2018-02-28,9.99,,9.99
2018-03-01,9.92,,9.92
2018-03-02,9.89,,9.89
2018-03-05,10.05,,10.05
2018-03-06,10.28,,10.28
2018-03-07,,,10.28
2018-03-08,10.77,,10.77
2018-03-09,11.1,,11.1
2018-03-12,11.32,,11.32
2018-03-13,11.03,,11.03
2018-03-14,11.25,,11.25
2018-03-15,11.09,,11.09
2018-03-16,10.97,,10.97
2018-03-19,10.96,,10.96
2018-03-20,11.17,,11.17
2018-03-21,,,11.17
2018-03-22,12.54,,12.54
2018-03-23,12.37,,12.37
2018-03-26,12.8,,12.8
2018-03-27,13.26,,13.26
2018-03-28,14.05,,14.05
2018-03-29,,,14.05
2018-04-03,12.9,,12.9
2018-04-04,,,12.9
2018-04-05,12.65,,12.65
2018-04-06,12.68,,12.68
2018-04-09,12.96,,12.96
2018-04-10,13.1,,13.1
2018-04-11,13.55,,13.55
2018-04-12,13.15,,13.15
2018-04-13,13.8,,13.8
2018-04-16,13.84,,13.84
2018-04-17,13.82,,13.82
2018-04-18,,,13.82
2018-04-19,13.99,,13.99
2018-04-20,13.05,,13.05
2018-04-23,12.75,,12.75
2018-04-24,12.73,,12.73
2018-04-25,13.09,,13.09
2018-04-26,13.39,,13.39
2018-04-27,13.28,,13.28
2018-04-30,13.35,,13.35
2018-05-02,,,13.35
2018-05-03,12.77,,12.77
2018-05-04,12.78,,12.78
2018-05-07,,,12.78
2018-05-08,13.51,,13.51
2018-05-09,13.92,,13.92
2018-05-10,,,13.92
2018-05-11,,,13.92
2018-05-14,14.2,,14.2
2018-05-15,14.7,,14.7
2018-05-16,,,14.7
2018-05-17,15.05,,15.05
2018-05-18,15.2,,15.2
2018-05-21,,,15.2
2018-05-22,15.88,,15.88
2018-05-23,15.74,,15.74
2018-05-24,16.23,,16.23
2018-05-25,15.89,,15.89
2018-05-28,,,15.89
2018-05-29,16.25,,16.25
2018-05-30,,,16.25
2018-05-31,15.4,,15.4
2018-06-01,14.9,,14.9
2018-06-04,15.28,,15.28
2018-06-05,16.35,,16.35
2018-06-06,15.7,,15.7
2018-06-07,16.14,,16.14
2018-06-08,15.78,,15.78
2018-06-11,15.7,,15.7
2018-06-12,15.08,,15.08
2018-06-13,,,15.08
2018-06-14,15.44,,15.44
2018-06-15,14.62,,14.62
2018-06-18,14.52,,14.52
2018-06-19,14.35,,14.35
2018-06-20,14.21,,14.21
2018-06-21,14.2,,14.2
2018-06-22,14.78,,14.78
2018-06-25,15.03,,15.03
2018-06-26,14.86,,14.86
2018-06-27,,,14.86
2018-06-28,15.22,,15.22
2018-06-29,14.85,,14.85
2018-07-02,14.95,,14.95
2018-07-03,15.15,,15.15
2018-07-04,15.35,,15.35
2018-07-05,15.4,,15.4
2018-07-06,15.55,,15.55
2018-07-09,15.85,,15.85
2018-07-10,16.15,,16.15
2018-07-11,,,16.15
2018-07-12,16.22,,16.22
2018-07-13,15.8,,15.8
2018-07-16,16.14,,16.14
2018-07-17,15.87,,15.87
2018-07-18,16.01,,16.01
2018-07-19,16.46,,16.46
2018-07-20,16.9,,16.9
2018-07-23,17.2,,17.2
2018-07-24,17.45,,17.45
2018-07-25,,,17.45
2018-07-26,16.99,,16.99
2018-07-27,16.91,,16.91
2018-07-30,16.9,,16.9
2018-07-31,16.87,,16.87
2018-08-01,17.38,,17.38
2018-08-02,17.58,,17.58
2018-08-03,17.62,,17.62
2018-08-06,17.62,,17.62
2018-08-07,17.47,,17.47
2018-08-08,,,17.47
2018-08-09,17.47,,17.47
2018-08-10,17.72,,17.72
2018-08-13,17.93,,17.93
2018-08-14,18.03,,18.03
2018-08-15,,,18.03
2018-08-16,18.0,,18.0
2018-08-17,18.1,,18.1
2018-08-20,18.2,,18.2
2018-08-21,18.55,,18.55
2018-08-22,,,18.55
2018-08-23,20.05,,20.05
2018-08-24,20.55,,20.55
2018-08-27,,,20.55
2018-08-28,21.3,,21.3
2018-08-29,20.9,,20.9
2018-08-30,21.09,,21.09
2018-08-31,21.11,,21.11
2018-09-03,20.45,,20.45
2018-09-04,20.5,,20.5
2018-09-05,,,20.5
2018-09-06,,,20.5
2018-09-07,22.51,,22.51
2018-09-10,24.85,,24.85
2018-09-11,24.15,,24.15
2018-09-12,23.75,,23.75
2018-09-13,21.9,,21.9
2018-09-14,19.51,,19.51
2018-09-17,20.6,,20.6
2018-09-18,20.75,,20.75
2018-09-19,,,20.75
2018-09-20,21.8,,21.8
2018-09-21,,,21.8
2018-09-24,22.39,,22.39
2018-09-25,21.9,,21.9
2018-09-26,20.4,,20.4
2018-09-27,19.87,,19.87
2018-09-28,20.3,,20.3
2018-10-01,20.7,,20.7
2018-10-02,21.45,,21.45
2018-10-03,,,21.45
2018-10-04,21.15,,21.15
2018-10-05,21.14,,21.14
2018-10-08,22.09,,22.09
2018-10-09,21.32,,21.32
2018-10-10,20.38,,20.38
2018-10-11,18.57,,18.57
2018-10-12,19.95,,19.95
2018-10-15,20.03,,20.03
2018-10-16,17.9,,17.9
2018-10-17,,,17.9
2018-10-18,18.53,,18.53
2018-10-19,19.17,,19.17
2018-10-22,19.1,,19.1
2018-10-23,18.5,,18.5
2018-10-24,19.1,,19.1
2018-10-25,18.72,,18.72
2018-10-26,18.98,,18.98
2018-10-29,17.91,,17.91
2018-10-30,16.87,,16.87
2018-10-31,,,16.87
2018-11-01,15.85,,15.85
2018-11-02,16.15,,16.15
2018-11-05,16.4,,16.4
2018-11-06,16.99,,16.99
2018-11-07,18.25,,18.25
2018-11-08,19.56,,19.56
2018-11-09,19.25,,19.25
2018-11-12,20.01,,20.01
2018-11-13,19.76,,19.76
2018-11-14,,,19.76
2018-11-15,18.46,,18.46
2018-11-16,,,18.46
2018-11-19,18.43,,18.43
2018-11-20,19.4,,19.4
2018-11-21,20.1,,20.1
2018-11-22,20.3,,20.3
2018-11-23,,,20.3
2018-11-26,19.71,,19.71
2018-11-27,19.77,,19.77
2018-11-28,,,19.77
2018-11-29,19.35,,19.35
2018-11-30,,,19.35
2018-12-03,20.52,,20.52
2018-12-04,20.35,,20.35
2018-12-05,20.21,,20.21
2018-12-06,18.55,,18.55
2018-12-07,,,18.55
2018-12-10,19.77,,19.77
2018-12-11,20.77,,20.77
2018-12-12,,,20.77
2018-12-13,21.88,,21.88
2018-12-14,,,21.88
2018-12-17,23.4,,23.4
2018-12-18,,,23.4
2018-12-19,,,23.4
2018-12-20,,,23.4
2018-12-21,,,23.4
2018-12-27,,,23.4
2018-12-28,,,23.4
2019-01-07,23.01,22.39,23.01
2019-01-08,22.4,,22.4
2019-01-10,21.4,,21.4
2019-01-14,21.95,23.42,21.95
2019-01-15,22.55,,22.55
2019-01-16,22.81,,22.81
2019-01-17,23.55,,23.55
2019-01-21,24.22,24.48,24.22
2019-01-22,24.42,,24.42
2019-01-24,24.6,,24.6
2019-01-28,23.01,22.7,23.01
2019-01-29,22.43,,22.43
2019-01-30,22.91,,22.91
2019-01-31,22.3,,22.3
2019-02-01,21.38,,21.38
2019-02-04,21.38,23.16,21.38
2019-02-05,22.93,,22.93
2019-02-07,23.8,,23.8
2019-02-08,23.28,,23.28
2019-02-11,21.8,20.85,21.8
2019-02-12,21.71,,21.71
2019-02-13,20.01,,20.01
2019-02-14,20.86,,20.86
2019-02-15,19.99,,19.99
2019-02-18,20.14,19.69,20.14
2019-02-19,20.26,,20.26
2019-02-21,19.85,,19.85
2019-02-22,18.35,,18.35
2019-02-25,18.62,20.83,18.62
2019-02-26,19.6,,19.6
2019-02-27,20.31,,20.31
2019-02-28,20.9,,20.9
2019-03-01,21.31,,21.31
2019-03-04,22.12,22.9,22.12
2019-03-05,22.86,,22.86
2019-03-07,22.03,,22.03
2019-03-08,22.88,,22.88
2019-03-11,22.6,22.42,22.6
2019-03-12,22.48,,22.48
2019-03-13,21.98,,21.98
2019-03-14,22.23,,22.23
2019-03-15,22.77,,22.77
2019-03-18,21.5,21.24,21.5
2019-03-19,21.35,,21.35
2019-03-21,21.1,,21.1
2019-03-22,20.64,,20.64
2019-03-25,20.6,21.63,20.6
2019-03-26,21.17,,21.17
2019-03-27,21.45,,21.45
2019-03-28,21.55,,21.55
2019-03-29,21.83,,21.83
2019-04-01,21.06,23.22,21.06
2019-04-02,21.4,,21.4
2019-04-04,23.65,,23.65
2019-04-05,24.17,,24.17
2019-04-08,24.07,25.97,24.07
2019-04-09,25.2,,25.2
2019-04-10,26.21,,26.21
2019-04-11,25.88,,25.88
2019-04-12,26.72,,26.72
2019-04-15,27.0,27.04,27.0
2019-04-16,26.8,,26.8
2019-04-18,26.92,,26.92
2019-04-22,,26.99,26.99
2019-04-23,27.17,,27.17
2019-04-24,27.02,,27.02
2019-04-25,27.46,,27.46
2019-04-26,26.79,,26.79
2019-04-29,25.81,25.67,25.81
2019-04-30,25.85,,25.85
2019-05-02,25.04,,25.04
2019-05-03,24.32,,24.32
2019-05-06,,26.15,26.15
2019-05-07,25.65,,25.65
2019-05-08,26.5,,26.5
2019-05-09,26.81,,26.81
2019-05-10,26.35,,26.35
2019-05-13,25.25,25.49,25.25
2019-05-14,25.03,,25.03
2019-05-16,25.81,,25.81
2019-05-17,25.01,,25.01
2019-05-20,24.91,25.7,24.91
2019-05-21,25.01,,25.01
2019-05-22,25.65,,25.65
2019-05-23,26.05,,26.05
2019-05-24,25.61,,25.61
2019-05-27,,25.27,25.27
2019-05-28,25.3,,25.3
2019-06-03,23.96,24.21,23.96
2019-06-04,23.86,,23.86
2019-06-05,24.42,,24.42
2019-06-06,24.07,,24.07
2019-06-07,24.24,,24.24
2019-06-10,,25.0,25.0
2019-06-11,25.12,,25.12
2019-06-13,24.92,,24.92
2019-06-14,24.67,,24.67
2019-06-17,24.78,25.1,24.78
2019-06-18,24.98,,24.98
2019-06-19,24.98,,24.98
2019-06-20,24.86,,24.86
2019-06-21,24.87,,24.87
2019-06-24,25.64,26.67,25.64
2019-06-27,27.1,,27.1
2019-06-28,26.4,,26.4
2019-07-01,26.72,26.51,26.72
2019-07-02,27.22,,27.22
2019-07-03,26.33,,26.33
2019-07-04,26.22,,26.22
2019-07-05,25.84,,25.84
2019-07-08,26.6,27.73,26.6
2019-07-09,26.68,,26.68
2019-07-11,28.5,,28.5
2019-07-12,28.25,,28.25
2019-07-15,29.15,28.53,29.15
2019-07-16,29.1,,29.1
2019-07-17,28.37,,28.37
2019-07-18,27.99,,27.99
2019-07-19,28.15,,28.15
2019-07-22,28.96,29.06,28.96
2019-07-23,29.05,,29.05
2019-07-25,29.46,,29.46
2019-07-26,28.51,,28.51
2019-07-29,28.8,28.6,28.8
2019-07-30,28.18,,28.18
2019-07-31,28.04,,28.04
2019-08-01,28.9,,28.9
2019-08-02,29.1,,29.1
2019-08-05,28.82,28.41,28.82
2019-08-06,28.48,,28.48
2019-08-08,28.68,,28.68
2019-08-09,28.37,,28.37
2019-08-12,27.7,26.53,27.7
2019-08-13,27.1,,27.1
2019-08-14,27.15,,27.15
2019-08-15,26.41,,26.41
2019-08-16,26.12,,26.12
2019-08-19,26.25,25.92,26.25
2019-08-20,26.94,,26.94
2019-08-22,25.78,,25.78
2019-08-23,25.33,,25.33
2019-08-26,,26.01,26.01
2019-08-27,25.25,,25.25
2019-08-28,26.0,,26.0
2019-08-29,25.93,,25.93
2019-08-30,26.8,,26.8
2019-09-02,25.4,25.31,25.4
2019-09-03,24.82,,24.82
2019-09-06,25.46,,25.46
2019-09-09,25.01,26.16,25.01
2019-09-10,25.5,,25.5
2019-09-11,26.34,,26.34
2019-09-12,26.55,,26.55
2019-09-13,26.22,,26.22
2019-09-16,26.58,26.24,26.58
2019-09-17,26.75,,26.75
2019-09-19,25.56,,25.56
2019-09-20,26.17,,26.17
2019-09-23,25.93,25.5,25.93
2019-09-24,25.59,,25.59
2019-09-25,25.17,,25.17
2019-09-26,25.21,,25.21
2019-09-27,25.3,,25.3
2019-09-30,25.03,24.03,25.03
2019-10-01,24.4,,24.4
2019-10-03,24.03,,24.03
2019-10-04,23.41,,23.41
2019-10-07,22.77,23.26,22.77
2019-10-08,23.37,,23.37
2019-10-09,22.32,,22.32
2019-10-10,22.83,,22.83
2019-10-11,23.62,,23.62
2019-10-14,23.82,25.62,23.82
2019-10-15,24.48,,24.48
2019-10-17,25.96,,25.96
2019-10-18,25.64,,25.64
2019-10-21,25.9,25.35,25.9
2019-10-22,25.7,,25.7
2019-10-23,25.09,,25.09
2019-10-24,24.61,,24.61
2019-10-25,24.86,,24.86
2019-10-28,24.68,25.49,24.68
2019-10-29,25.4,,25.4
2019-10-31,25.95,,25.95
2019-11-01,25.71,,25.71
2019-11-04,24.93,25.14,24.93
2019-11-05,25.8,,25.8
2019-11-06,25.18,,25.18
2019-11-07,24.86,,24.86
2019-11-08,24.62,,24.62
2019-11-11,25.21,24.25,25.21
2019-11-12,24.95,,24.95
2019-11-14,24.28,,24.28
2019-11-15,23.41,,23.41
2019-11-18,23.41,23.88,23.41
2019-11-19,23.62,,23.62
2019-11-20,23.34,,23.34
2019-11-21,23.96,,23.96
2019-11-22,24.32,,24.32
2019-11-25,24.52,24.83,24.52
2019-11-26,24.29,,24.29
2019-11-28,24.91,,24.91
2019-11-29,25.03,,25.03
2019-12-02,24.62,24.54,24.62
2019-12-03,24.41,,24.41
2019-12-04,24.1,,24.1
2019-12-05,24.5,,24.5
2019-12-06,24.7,,24.7
2019-12-09,24.4,24.73,24.4
2019-12-10,24.98,,24.98
2019-12-12,24.62,,24.62
2019-12-13,25.33,,25.33
2019-12-16,24.21,24.86,24.21
2019-12-30,,24.68,24.68
2020-01-06,,24.35,24.35
2020-01-07,24.06,,24.06
2020-01-09,24.01,,24.01
2020-01-10,24.48,,24.48
2020-01-13,24.03,24.56,24.03
2020-01-14,23.74,,23.74
2020-01-15,24.08,,24.08
2020-01-16,24.85,,24.85
2020-01-17,25.01,,25.01
2020-01-20,25.6,24.84,25.6
2020-01-21,25.1,,25.1
2020-01-23,24.65,,24.65
2020-01-24,24.48,,24.48
2020-01-27,24.04,24.17,24.04
2020-01-28,24.55,,24.55
2020-01-29,24.04,,24.04
2020-01-30,23.74,,23.74
2020-01-31,23.48,,23.48
2020-02-03,23.2,23.44,23.2
2020-02-04,23.33,,23.33
2020-02-06,23.4,,23.4
2020-02-07,23.17,,23.17
2020-02-10,22.91,23.81,22.91
2020-02-11,23.15,,23.15
2020-02-12,23.35,,23.35
2020-02-13,23.52,,23.52
2020-02-14,24.27,,24.27
2020-02-17,24.11,25.43,24.11
2020-02-18,24.8,,24.8
2020-02-20,25.5,,25.5
2020-02-21,25.15,,25.15
2020-02-24,24.64,24.04,24.64
2020-02-25,24.32,,24.32
2020-02-26,23.85,,23.85
2020-02-27,23.8,,23.8
2020-02-28,23.46,,23.46
2020-03-02,23.96,23.59,23.96
2020-03-03,23.26,,23.26
2020-03-05,23.9,,23.9
2020-03-06,23.36,,23.36
2020-03-09,22.65,23.15,22.65
2020-03-10,23.76,,23.76
2020-03-11,23.59,,23.59
2020-03-12,22.85,,22.85
2020-03-13,22.78,,22.78
2020-03-16,20.64,17.12,20.64
2020-03-19,16.03,,16.03
2020-03-20,16.35,,16.35
2020-03-23,14.6,16.71,14.6
2020-03-24,16.25,,16.25
2020-03-25,16.95,,16.95
2020-03-26,16.3,,16.3
2020-03-27,16.55,,16.55
2020-03-30,16.32,17.57,16.32
2020-03-31,17.4,,17.4
2020-04-02,17.52,,17.52
2020-04-03,17.9,,17.9
2020-04-06,18.36,20.78,18.36
2020-04-07,21.11,,21.11
2020-04-08,20.74,,20.74
2020-04-09,21.4,,21.4
2020-04-13,,20.56,20.56
2020-04-14,20.17,,20.17
2020-04-16,20.1,,20.1
2020-04-17,21.87,,21.87
2020-04-20,21.24,20.73,21.24
2020-04-21,20.4,,20.4
2020-04-22,19.75,,19.75
2020-04-23,20.24,,20.24
2020-04-24,20.49,,20.49
2020-04-27,20.4,19.84,20.4
2020-04-28,19.99,,19.99
2020-04-30,19.97,,19.97
2020-05-04,,19.27,19.27
2020-05-05,19.01,,19.01
2020-05-06,17.75,,17.75
2020-05-07,19.0,,19.0
2020-05-08,19.38,,19.38
2020-05-11,18.81,18.85,18.81
2020-05-12,18.72,,18.72
2020-05-14,18.37,,18.37
2020-05-15,19.02,,19.02
2020-05-18,19.3,20.83,19.3
2020-05-19,20.02,,20.02
2020-05-20,20.11,,20.11
2020-05-25,,21.44,21.44
2020-05-26,21.45,,21.45
2020-05-28,20.95,,20.95
2020-05-29,21.7,,21.7
2020-06-01,,22.11,22.11
2020-06-02,21.15,,21.15
2020-06-03,21.98,,21.98
2020-06-04,21.77,,21.77
2020-06-05,22.5,,22.5
2020-06-08,22.66,22.47,22.66
2020-06-09,22.3,,22.3
2020-06-11,22.2,,22.2
2020-06-12,22.15,,22.15
2020-06-15,21.8,23.26,21.8
2020-06-16,22.87,,22.87
2020-06-17,22.81,,22.81
2020-06-18,23.63,,23.63
2020-06-19,24.18,,24.18
2020-06-22,24.15,25.05,24.15
2020-06-23,24.85,,24.85
2020-06-25,25.15,,25.15
2020-06-26,24.9,,24.9
2020-06-29,24.74,27.32,24.74
2020-06-30,25.99,,25.99
2020-07-01,27.1,,27.1
2020-07-02,27.25,,27.25
2020-07-03,27.0,,27.0
2020-07-06,28.86,29.21,28.86
2020-07-07,29.34,,29.34
2020-07-09,28.48,,28.48
2020-07-10,27.66,,27.66
2020-07-13,30.04,28.45,30.04
2020-07-14,29.2,,29.2
2020-07-15,29.81,,29.81
2020-07-16,28.13,,28.13
2020-07-17,26.85,,26.85
2020-07-20,26.85,26.62,26.85
2020-07-21,26.34,,26.34
2020-07-23,26.76,,26.76
2020-07-24,26.57,,26.57
2020-07-27,25.53,25.75,25.53
2020-07-28,25.03,,25.03
2020-07-29,25.96,,25.96
2020-07-30,25.34,,25.34
2020-07-31,26.3,,26.3
2020-08-03,25.81,26.51,25.81
2020-08-04,25.95,,25.95
2020-08-06,26.95,,26.95
2020-08-07,26.16,,26.16
2020-08-10,26.92,25.96,26.92
2020-08-11,26.71,,26.71
2020-08-12,25.55,,25.55
2020-08-13,25.94,,25.94
2020-08-14,25.25,,25.25
2020-08-17,25.42,26.13,25.42
2020-08-18,26.05,,26.05
2020-08-20,25.7,,25.7
2020-08-21,25.36,,25.36
2020-08-24,26.6,28.52,26.6
2020-08-25,27.33,,27.33
2020-08-26,28.42,,28.42
2020-08-27,28.03,,28.03
2020-08-28,29.5,,29.5
2020-08-31,,28.15,28.15
2020-09-01,28.28,,28.28
2020-09-04,28.8,,28.8
2020-09-07,26.9,27.54,26.9
2020-09-08,27.25,,27.25
2020-09-09,26.02,,26.02
2020-09-10,27.46,,27.46
2020-09-11,28.05,,28.05
2020-09-14,28.66,29.33,28.66
2020-09-15,29.99,,29.99
2020-09-17,29.1,,29.1
2020-09-18,28.36,,28.36
2020-09-21,27.12,26.74,27.12
2020-09-22,26.75,,26.75
2020-09-23,27.31,,27.31
2020-09-24,26.28,,26.28
2020-09-25,26.2,,26.2
2020-09-28,26.28,26.99,26.28
2020-09-29,27.09,,27.09
2020-10-01,26.41,,26.41
2020-10-02,26.11,,26.11
2020-10-05,26.79,26.54,26.79
2020-10-06,26.68,,26.68
2020-10-07,26.76,,26.76
2020-10-08,26.4,,26.4
2020-10-09,26.0,,26.0
2020-10-12,25.54,25.34,25.54
2020-10-13,25.3,,25.3
2020-10-15,25.15,,25.15
2020-10-16,25.46,,25.46
2020-10-19,24.85,24.52,24.85
2020-10-20,24.44,,24.44
2020-10-21,23.96,,23.96
2020-10-22,23.6,,23.6
2020-10-23,24.92,,24.92
2020-10-26,24.33,23.67,24.33
2020-10-27,23.55,,23.55
2020-10-29,23.07,,23.07
2020-10-30,23.45,,23.45
2020-11-02,23.02,24.91,23.02
2020-11-03,24.4,,24.4
2020-11-04,23.83,,23.83
2020-11-05,25.55,,25.55
2020-11-06,25.2,,25.2
2020-11-09,25.41,26.22,25.41
2020-11-10,26.47,,26.47
2020-11-12,25.9,,25.9
2020-11-13,26.31,,26.31
2020-11-16,26.67,26.86,26.67
2020-11-17,27.12,,27.12
2020-11-18,27.42,,27.42
2020-11-19,26.72,,26.72
2020-11-20,26.8,,26.8
2020-11-23,27.25,27.75,27.25
2020-11-24,26.97,,26.97
2020-11-26,27.77,,27.77
2020-11-27,28.23,,28.23
2020-11-30,28.82,29.33,28.82
2020-12-01,29.24,,29.24
2020-12-02,28.9,,28.9
2020-12-03,29.1,,29.1
2020-12-04,30.0,,30.0
2020-12-07,29.49,30.06,29.49
2020-12-08,29.69,,29.69
2020-12-10,30.04,,30.04
2020-12-11,30.45,,30.45
2020-12-14,30.92,30.81,30.92
2021-01-04,,33.99,33.99
2021-01-11,,33.62,33.62
2021-01-18,,33.19,33.19
2021-01-25,,33.34,33.34
2021-01-29,33.51,,33.51
2021-02-01,32.66,36.14,32.66
2021-02-02,33.2,,33.2
2021-02-03,38.0,,38.0
2021-02-04,36.51,,36.51
2021-02-05,37.61,,37.61
2021-02-08,38.62,39.0,38.62
2021-02-09,37.58,,37.58
2021-02-10,37.7,,37.7
2021-02-11,39.62,,39.62
2021-02-12,37.8,,37.8
2021-02-15,39.82,38.44,39.82
2021-02-16,40.19,,40.19
2021-02-17,38.42,,38.42
2021-02-18,38.01,,38.01
2021-02-19,38.36,,38.36
2021-02-22,36.84,38.26,36.84
2021-02-23,37.5,,37.5
2021-02-24,38.42,,38.42
2021-02-25,38.88,,38.88
2021-02-26,37.51,,37.51
2021-03-01,37.66,38.03,37.66
2021-03-02,37.25,,37.25
2021-03-03,37.56,,37.56
2021-03-04,36.9,,36.9
2021-03-05,38.08,,38.08
2021-03-08,38.41,41.22,38.41
2021-03-09,39.4,,39.4
2021-03-10,41.0,,41.0
2021-03-11,40.92,,40.92
2021-03-12,41.52,,41.52
2021-03-15,42.84,42.27,42.84
2021-03-16,41.92,,41.92
2021-03-17,41.9,,41.9
2021-03-18,43.35,,43.35
2021-03-19,41.91,,41.91
2021-03-22,41.8,41.59,41.8
2021-03-23,41.77,,41.77
2021-03-24,40.94,,40.94
2021-03-25,40.69,,40.69
2021-03-26,40.86,,40.86
2021-03-29,40.71,42.23,40.71
2021-03-30,42.25,,42.25
2021-03-31,42.26,,42.26
2021-04-01,42.04,,42.04
2021-04-05,,43.54,43.54
2021-04-06,43.05,,43.05
2021-04-07,43.63,,43.63
2021-04-08,43.45,,43.45
2021-04-09,43.18,,43.18
2021-04-12,43.86,44.15,43.86
2021-04-13,44.1,,44.1
2021-04-14,43.53,,43.53
2021-04-15,43.99,,43.99
2021-04-16,44.5,,44.5
2021-04-19,44.66,45.84,44.66
2021-04-20,44.2,,44.2
2021-04-21,44.85,,44.85
2021-04-22,46.6,,46.6
2021-04-23,46.41,,46.41
2021-04-26,47.24,47.83,47.24
2021-04-27,46.55,,46.55
2021-04-28,48.0,,48.0
2021-04-29,47.25,,47.25
2021-04-30,47.68,,47.68
2021-05-03,,49.57,49.57
2021-05-04,49.33,,49.33
2021-05-05,48.62,,48.62
2021-05-06,49.45,,49.45
2021-05-07,49.46,,49.46
2021-05-10,51.81,54.34,51.81
2021-05-11,51.59,,51.59
2021-05-12,54.22,,54.22
2021-05-17,55.57,52.71,55.57
2021-05-18,55.53,,55.53
2021-05-19,52.12,,52.12
2021-05-20,50.84,,50.84
2021-05-21,52.71,,52.71
2021-05-24,,52.53,52.53
2021-05-25,53.09,,53.09
2021-05-26,54.07,,54.07
2021-05-27,52.11,,52.11
2021-05-28,51.08,,51.08
2021-05-31,,51.14,51.14
2021-06-01,52.58,,52.58
2021-06-02,51.5,,51.5
2021-06-03,51.9,,51.9
2021-06-04,49.55,,49.55
2021-06-07,48.56,52.72,48.56
2021-06-08,52.03,,52.03
2021-06-09,53.7,,53.7
2021-06-10,53.3,,53.3
2021-06-11,53.12,,53.12
2021-06-14,53.6,51.69,53.6
2021-06-15,51.18,,51.18
2021-06-16,50.83,,50.83
2021-06-17,50.84,,50.84
2021-06-18,51.51,,51.51
2021-06-21,52.09,54.13,52.09
2021-06-22,52.97,,52.97
2021-06-23,53.62,,53.62
2021-06-24,54.85,,54.85
2021-06-25,55.69,,55.69
2021-06-28,55.06,56.5,55.06
2021-06-29,55.39,,55.39
2021-06-30,55.57,,55.57
2021-07-01,58.01,,58.01
2021-07-02,57.11,,57.11
2021-07-05,57.91,54.22,57.91
2021-07-06,57.15,,57.15
2021-07-07,53.15,,53.15
2021-07-08,51.09,,51.09
2021-07-09,53.85,,53.85
2021-07-12,52.5,52.76,52.5
2021-07-13,52.44,,52.44
2021-07-14,52.0,,52.0
2021-07-15,52.28,,52.28
2021-07-16,53.33,,53.33
2021-07-19,53.55,51.49,53.55
2021-07-20,51.74,,51.74
2021-07-21,51.7,,51.7
2021-07-22,51.44,,51.44
2021-07-23,50.13,,50.13
2021-07-26,51.79,53.47,51.79
2021-07-27,52.8,,52.8
2021-07-28,53.45,,53.45
2021-07-29,54.02,,54.02
2021-07-30,53.0,,53.0
2021-08-02,54.6,55.34,54.6
2021-08-03,54.17,,54.17
2021-08-04,55.0,,55.0
2021-08-05,54.84,,54.84
2021-08-06,56.72,,56.72
2021-08-09,56.0,56.69,56.0
2021-08-10,57.1,,57.1
2021-08-11,56.69,,56.69
2021-08-12,57.36,,57.36
2021-08-13,55.6,,55.6
2021-08-16,57.18,56.08,57.18
2021-08-17,57.4,,57.4
2021-08-18,57.7,,57.7
2021-08-19,55.81,,55.81
2021-08-20,54.4,,54.4
2021-08-23,55.95,56.88,55.95
2021-08-24,55.72,,55.72
2021-08-25,56.63,,56.63
2021-08-26,55.61,,55.61
2021-08-27,57.51,,57.51
2021-08-30,,60.9,60.9
2021-08-31,60.11,,60.11
2021-09-01,61.29,,61.29
2021-09-03,61.25,,61.25
2021-09-06,62.87,62.08,62.87
2021-09-07,61.71,,61.71
2021-09-08,61.93,,61.93
2021-09-09,61.98,,61.98
2021-09-10,61.85,,61.85
2021-09-13,61.91,59.91,61.91
2021-09-14,61.51,,61.51
2021-09-15,60.0,,60.0
2021-09-16,59.89,,59.89
2021-09-17,59.6,,59.6
2021-09-20,58.56,60.98,58.56
2021-09-21,60.31,,60.31
2021-09-22,60.02,,60.02
2021-09-23,59.45,,59.45
2021-09-24,61.24,,61.24
2021-09-27,64.0,62.59,64.0
2021-09-28,65.0,,65.0
2021-09-29,61.83,,61.83
2021-09-30,61.37,,61.37
2021-10-01,62.04,,62.04
2021-10-04,63.56,61.19,63.56
2021-10-05,63.66,,63.66
2021-10-06,61.36,,61.36
2021-10-07,58.99,,58.99
2021-10-08,59.92,,59.92
2021-10-11,59.33,59.61,59.33
2021-10-12,58.86,,58.86
2021-10-13,58.75,,58.75
2021-10-14,59.43,,59.43
2021-10-15,61.01,,61.01
2021-10-18,58.85,57.43,58.85
2021-10-19,57.58,,57.58
2021-10-20,56.0,,56.0
2021-10-21,57.1,,57.1
2021-10-22,59.5,,59.5
2021-10-25,58.94,59.2,58.94
2021-10-26,58.96,,58.96
2021-10-27,58.92,,58.92
2021-10-28,58.93,,58.93
2021-10-29,59.4,,59.4
2021-11-01,59.98,59.09,59.98
2021-11-02,57.8,,57.8
2021-11-03,59.78,,59.78
2021-11-04,59.81,,59.81
2021-11-05,61.05,,61.05
2021-11-08,60.06,62.23,60.06
2021-11-09,60.11,,60.11
2021-11-10,61.53,,61.53
2021-11-11,62.31,,62.31
2021-11-12,63.53,,63.53
2021-11-15,64.4,67.82,64.4
2021-11-16,67.5,,67.5
2021-11-17,67.14,,67.14
2021-11-18,66.51,,66.51
2021-11-19,69.21,,69.21
2021-11-22,69.7,71.85,69.7
2021-11-23,69.88,,69.88
2021-11-24,69.51,,69.51
2021-11-25,72.15,,72.15
2021-11-26,71.95,,71.95
2021-11-29,74.48,76.9,74.48
2021-11-30,74.82,,74.82
2021-12-01,76.38,,76.38
2021-12-02,77.1,,77.1
2021-12-03,78.76,,78.76
2021-12-06,80.0,83.79,80.0
2021-12-07,82.87,,82.87
2021-12-08,87.45,,87.45
2021-12-09,84.93,,84.93
2021-12-10,79.83,,79.83
2021-12-13,85.0,80.03,85.0
2021-12-14,79.99,,79.99
2021-12-15,79.29,,79.29
2021-12-16,80.5,,80.5
2021-12-17,82.25,,82.25
2021-12-20,74.57,79.38,74.57
2022-01-03,,85.73,85.73
2022-01-10,82.71,80.81,82.71
2022-01-11,81.9,,81.9
2022-01-13,79.05,,79.05
2022-01-14,81.52,,81.52
2022-01-17,80.21,83.08,80.21
2022-01-18,79.22,,79.22
2022-01-19,80.7,,80.7
2022-01-20,80.8,,80.8
2022-01-21,84.03,,84.03
2022-01-24,85.75,87.82,85.75
2022-01-25,84.48,,84.48
2022-01-27,88.51,,88.51
2022-01-28,89.25,,89.25
2022-01-31,88.03,92.85,88.03
2022-02-02,91.61,,91.61
2022-02-03,92.65,,92.65
2022-02-04,94.65,,94.65
2022-02-07,93.5,93.61,93.5
2022-02-08,97.51,,97.51
2022-02-09,96.53,,96.53
2022-02-10,90.6,,90.6
2022-02-11,89.98,,89.98
2022-02-14,90.73,89.73,90.73
2022-02-15,90.35,,90.35
2022-02-16,88.05,,88.05
2022-02-17,87.5,,87.5
2022-02-18,87.65,,87.65
2022-02-21,87.99,89.94,87.99
2022-02-22,88.4,,88.4
2022-02-23,92.8,,92.8
2022-02-24,88.0,,88.0
2022-02-25,86.9,,86.9
2022-02-28,80.92,70.4,80.92
2022-03-01,79.96,,79.96
2022-03-03,63.87,,63.87
2022-03-04,67.22,,67.22
2022-03-07,57.91,70.63,57.91
2022-03-08,62.01,,62.01
2022-03-10,70.04,,70.04
2022-03-11,76.5,,76.5
2022-03-14,78.6,78.53,78.6
2022-03-15,75.55,,75.55
2022-03-16,75.25,,75.25
2022-03-17,76.87,,76.87
2022-03-18,79.21,,79.21
2022-03-21,77.76,78.5,77.76
2022-03-22,79.05,,79.05
2022-03-24,76.15,,76.15
2022-03-25,78.5,,78.5
2022-03-28,80.76,79.16,80.76
2022-03-29,80.51,,80.51
2022-03-30,77.22,,77.22
2022-03-31,79.25,,79.25
2022-04-01,78.0,,78.0
2022-04-04,77.5,78.75,77.5
2022-04-05,78.33,,78.33
2022-04-06,78.34,,78.34
2022-04-07,77.13,,77.13
2022-04-08,80.21,,80.21
2022-04-11,79.02,78.59,79.02
2022-04-12,77.36,,77.36
2022-04-13,77.27,,77.27
2022-04-14,78.8,,78.8
2022-04-18,,84.68,84.68
2022-04-19,79.4,,79.4
2022-04-21,85.9,,85.9
2022-04-22,87.4,,87.4
2022-04-25,85.81,82.86,85.81
2022-04-26,83.43,,83.43
2022-04-27,79.99,,79.99
2022-04-28,80.55,,80.55
2022-04-29,82.86,,82.86
2022-05-02,82.84,88.0,82.84
2022-05-03,84.25,,84.25
2022-05-05,87.8,,87.8
2022-05-06,90.77,,90.77
2022-05-09,90.11,87.99,90.11
2022-05-10,86.5,,86.5
2022-05-11,89.0,,89.0
2022-05-12,86.95,,86.95
2022-05-13,88.75,,88.75
2022-05-16,88.81,85.9,88.81
2022-05-17,90.33,,90.33
2022-05-18,87.25,,87.25
2022-05-19,82.28,,82.28
2022-05-20,81.15,,81.15
2022-05-23,78.96,81.97,78.96
2022-05-24,78.88,,78.88
2022-05-25,80.43,,80.43
2022-05-30,83.75,85.46,83.75
2022-05-31,83.63,,83.63
2022-06-06,,81.08,81.08
2022-06-07,81.69,,81.69
2022-06-08,79.11,,79.11
2022-06-09,80.21,,80.21
2022-06-10,80.73,,80.73
2022-06-13,80.1,83.45,80.1
2022-06-14,82.31,,82.31
2022-06-15,84.45,,84.45
2022-06-16,85.95,,85.95
2022-06-17,83.0,,83.0
2022-06-20,83.51,83.63,83.51
2022-06-21,84.26,,84.26
2022-06-22,83.06,,83.06
2022-06-23,81.07,,81.07
2022-06-24,82.9,,82.9
2022-06-27,83.01,87.31,83.01
2022-06-28,84.54,,84.54
2022-06-30,88.02,,88.02
2022-07-01,88.22,,88.22
2022-07-04,84.34,83.73,84.34
2022-07-05,83.38,,83.38
2022-07-06,82.63,,82.63
2022-07-07,83.36,,83.36
2022-07-08,82.63,,82.63
2022-07-11,83.4,84.64,83.4
2022-07-12,83.89,,83.89
2022-07-14,83.0,,83.0
2022-07-15,83.71,,83.71
2022-07-18,83.33,80.37,83.33
2022-07-19,83.61,,83.61
2022-07-20,81.22,,81.22
2022-07-21,77.6,,77.6
2022-07-22,78.06,,78.06
2022-07-25,76.09,77.34,76.09
2022-07-26,76.51,,76.51
2022-07-28,77.08,,77.08
2022-07-29,77.96,,77.96
2022-08-01,79.5,83.09,79.5
2022-08-02,80.51,,80.51
2022-08-03,83.45,,83.45
2022-08-04,83.81,,83.81
2022-08-05,84.5,,84.5
2022-08-08,84.6,86.42,84.6
2022-08-09,84.06,,84.06
2022-08-11,86.35,,86.35
2022-08-12,87.3,,87.3
2022-08-15,89.5,94.54,89.5
2022-08-16,90.64,,90.64
2022-08-17,94.07,,94.07
2022-08-18,94.0,,94.0
2022-08-19,96.87,,96.87
2022-08-22,97.5,90.06,97.5
2022-08-23,92.52,,92.52
2022-08-25,89.3,,89.3
2022-08-26,89.56,,89.56
2022-08-29,88.81,81.24,88.81
2022-08-30,85.13,,85.13
2022-08-31,78.96,,78.96
2022-09-01,77.01,,77.01
2022-09-02,78.41,,78.41
2022-09-05,73.75,69.34,73.75
2022-09-06,71.05,,71.05
2022-09-07,69.06,,69.06
2022-09-09,65.21,,65.21
2022-09-12,65.96,71.85,65.96
2022-09-13,70.48,,70.48
2022-09-14,68.29,,68.29
2022-09-15,70.84,,70.84
2022-09-16,71.0,,71.0
2022-09-19,71.11,69.65,71.11
2022-09-20,70.38,,70.38
2022-09-21,70.39,,70.39
2022-09-22,69.88,,69.88
2022-09-23,67.56,,67.56
2022-09-26,66.02,67.18,66.02
2022-09-27,67.7,,67.7
2022-09-28,64.71,,64.71
2022-09-29,64.7,,64.7
2022-09-30,66.87,,66.87
2022-10-03,64.45,67.75,64.45
2022-10-04,66.17,,66.17
2022-10-06,65.76,,65.76
2022-10-07,67.52,,67.52
2022-10-10,67.01,67.34,67.01
2022-10-11,66.34,,66.34
2022-10-12,65.76,,65.76
2022-10-13,66.65,,66.65
2022-10-14,67.7,,67.7
2022-10-17,66.25,67.63,66.25
2022-10-18,67.11,,67.11
2022-10-19,68.62,,68.62
2022-10-20,67.01,,67.01
2022-10-21,67.9,,67.9
2022-10-24,68.02,77.33,68.02
2022-10-25,74.17,,74.17
2022-10-26,76.51,,76.51
2022-10-27,77.1,,77.1
2022-10-28,80.76,,80.76
2022-10-31,78.69,77.21,78.69
2022-11-01,78.76,,78.76
2022-11-03,76.63,,76.63
2022-11-04,78.14,,78.14
2022-11-07,76.75,75.04,76.75
2022-11-08,76.02,,76.02
2022-11-09,75.35,,75.35
2022-11-10,71.62,,71.62
2022-11-11,73.33,,73.33
2022-11-14,74.85,74.03,74.85
2022-11-15,74.93,,74.93
2022-11-16,74.25,,74.25
2022-11-17,73.31,,73.31
2022-11-18,72.22,,72.22
2022-11-21,73.36,76.3,73.36
2022-11-22,73.54,,73.54
2022-11-23,74.08,,74.08
2022-11-24,76.64,,76.64
2022-11-25,79.36,,79.36
2022-11-28,77.61,83.53,77.61
2022-11-29,78.88,,78.88
2022-12-01,86.11,,86.11
2022-12-02,85.21,,85.21
2022-12-05,85.69,87.92,85.69
2022-12-06,86.48,,86.48
2022-12-07,87.0,,87.0
2022-12-08,87.91,,87.91
2022-12-09,88.26,,88.26
2022-12-12,88.35,86.95,88.35
2022-12-13,89.01,,89.01
2022-12-15,86.16,,86.16
2022-12-16,83.41,,83.41
2022-12-19,84.1,84.11,84.1
2022-12-26,,80.77,80.77
2023-01-02,,80.22,80.22
2023-01-09,75.27,81.87,75.27
2023-01-10,78.61,,78.61
2023-01-12,76.8,,76.8
2023-01-13,76.42,,76.42
2023-01-16,75.05,85.94,75.05
2023-01-17,75.04,,75.04
2023-01-18,76.25,,76.25
2023-01-19,82.06,,82.06
2023-01-20,81.01,,81.01
2023-01-23,81.52,92.87,81.52
2023-01-24,80.88,,80.88
2023-01-25,78.29,,78.29
2023-01-26,83.51,,83.51
2023-01-27,86.71,,86.71
2023-01-30,85.2,91.09,85.2
2023-01-31,86.68,,86.68
2023-02-01,91.91,,91.91
2023-02-02,93.5,,93.5
2023-02-03,91.15,,91.15
2023-02-06,91.78,94.49,91.78
2023-02-07,87.52,,87.52
2023-02-09,87.36,,87.36
2023-02-10,89.7,,89.7
2023-02-13,88.86,98.09,88.86
2023-02-14,89.96,,89.96
2023-02-15,87.75,,87.75
2023-02-16,92.85,,92.85
2023-02-17,93.69,,93.69
2023-02-20,93.73,96.5,93.73
2023-02-21,95.35,,95.35
2023-02-23,93.26,,93.26
2023-02-24,95.83,,95.83
2023-02-27,95.12,96.95,95.12
2023-02-28,96.33,,96.33
2023-03-01,95.89,,95.89
2023-03-02,93.25,,93.25
2023-03-03,88.81,,88.81
2023-03-06,91.01,90.67,91.01
2023-03-07,91.56,,91.56
2023-03-09,95.43,,95.43
2023-03-10,95.16,,95.16
2023-03-13,94.36,89.49,94.36
2023-03-14,92.34,,92.34
2023-03-15,90.31,,90.31
2023-03-16,83.25,,83.25
2023-03-17,86.5,,86.5
2023-03-20,82.46,89.98,82.46
2023-03-21,87.14,,87.14
2023-03-22,86.14,,86.14
2023-03-23,88.27,,88.27
2023-03-24,88.09,,88.09
2023-03-27,85.18,96.0,85.18
2023-03-28,86.54,,86.54
2023-03-29,87.16,,87.16
2023-03-30,87.42,,87.42
2023-03-31,88.61,,88.61
2023-04-03,89.82,95.66,89.82
2023-04-04,94.12,,94.12
2023-04-06,94.3,,94.3
2023-04-10,,92.9,92.9
2023-04-11,95.52,,95.52
2023-04-12,93.9,,93.9
2023-04-13,90.51,,90.51
2023-04-14,92.3,,92.3
2023-04-17,90.55,86.88,90.55
2023-04-18,90.55,,90.55
2023-04-20,90.68,,90.68
2023-04-21,88.6,,88.6
2023-04-24,85.7,85.79,85.7
2023-04-25,84.73,,84.73
2023-04-26,83.31,,83.31
2023-04-27,85.0,,85.0
2023-04-28,84.0,,84.0
2023-05-01,,87.71,87.71
2023-05-02,83.24,,83.24
2023-05-04,82.23,,82.23
2023-05-05,84.38,,84.38
2023-05-08,82.99,88.69,82.99
2023-05-09,83.84,,83.84
2023-05-10,85.85,,85.85
2023-05-11,86.75,,86.75
2023-05-12,86.67,,86.67
2023-05-15,85.7,84.74,85.7
2023-05-16,85.05,,85.05
2023-05-17,85.58,,85.58
2023-05-22,85.2,80.42,85.2
2023-05-23,84.32,,84.32
2023-05-24,83.0,,83.0
2023-05-25,81.12,,81.12
2023-05-26,81.11,,81.11
2023-05-29,,83.69,83.69
2023-05-30,79.79,,79.79
2023-06-01,78.62,,78.62
2023-06-02,78.2,,78.2
2023-06-05,78.55,91.33,78.55
2023-06-06,80.07,,80.07
2023-06-07,78.25,,78.25
2023-06-08,81.54,,81.54
2023-06-09,83.11,,83.11
2023-06-12,83.45,91.12,83.45
2023-06-13,86.44,,86.44
2023-06-15,91.67,,91.67
2023-06-16,89.3,,89.3
2023-06-19,90.16,87.96,90.16
2023-06-20,91.55,,91.55
2023-06-21,90.35,,90.35
2023-06-22,87.11,,87.11
2023-06-23,88.9,,88.9
2023-06-26,86.01,86.5,86.01
2023-06-27,85.35,,85.35
2023-06-29,86.6,,86.6
2023-06-30,85.31,,85.31
2023-07-03,87.11,86.15,87.11
2023-07-04,85.0,,85.0
2023-07-05,84.84,,84.84
2023-07-06,84.18,,84.18
2023-07-07,84.82,,84.82
2023-07-10,85.0,88.99,85.0
2023-07-11,83.62,,83.62
2023-07-12,85.32,,85.32
2023-07-13,84.25,,84.25
2023-07-14,85.51,,85.51
2023-07-17,84.72,90.72,84.72
2023-07-18,84.9,,84.9
2023-07-19,86.03,,86.03
2023-07-20,87.76,,87.76
2023-07-21,89.36,,89.36
2023-07-24,90.3,84.73,90.3
2023-07-25,90.25,,90.25
2023-07-27,88.02,,88.02
2023-07-28,87.33,,87.33
2023-07-31,86.65,84.52,86.65
2023-08-01,84.69,,84.69
2023-08-02,81.88,,81.88
2023-08-03,83.52,,83.52
2023-08-04,83.33,,83.33
2023-08-07,82.28,88.03,82.28
2023-08-08,81.46,,81.46
2023-08-10,82.24,,82.24
2023-08-11,84.2,,84.2
2023-08-14,85.34,87.44,85.34
2023-08-15,86.71,,86.71
2023-08-16,87.01,,87.01
2023-08-17,86.84,,86.84
2023-08-18,86.68,,86.68
2023-08-21,86.0,85.54,86.0
2023-08-22,87.86,,87.86
2023-08-24,85.51,,85.51
2023-08-25,85.5,,85.5
2023-08-28,84.7,83.23,84.7
2023-08-29,84.64,,84.64
2023-08-30,84.57,,84.57
2023-08-31,85.52,,85.52
2023-09-01,84.0,,84.0
2023-09-04,83.42,82.23,83.42
2023-09-05,83.41,,83.41
2023-09-08,82.09,,82.09
2023-09-11,80.98,82.9,80.98
2023-09-12,80.6,,80.6
2023-09-13,80.5,,80.5
2023-09-14,81.69,,81.69
2023-09-15,82.33,,82.33
2023-09-18,80.26,82.97,80.26
2023-09-19,79.5,,79.5
2023-09-20,79.8,,79.8
2023-09-21,81.78,,81.78
2023-09-22,84.03,,84.03
2023-09-25,83.92,80.62,83.92
2023-09-26,82.44,,82.44
2023-09-27,81.37,,81.37
2023-09-28,81.9,,81.9
2023-09-29,81.65,,81.65
2023-10-02,80.95,84.37,80.95
2023-10-03,79.17,,79.17
2023-10-04,78.78,,78.78
2023-10-05,80.5,,80.5
2023-10-06,79.95,,79.95
2023-10-09,80.43,82.19,80.43
2023-10-10,81.82,,81.82
2023-10-11,82.68,,82.68
2023-10-12,83.35,,83.35
2023-10-13,84.61,,84.61
2023-10-16,83.4,80.0,83.4
2023-10-17,81.69,,81.69
2023-10-18,81.72,,81.72
2023-10-19,79.99,,79.99
2023-10-20,81.19,,81.19
2023-10-23,79.92,78.51,79.92
2023-10-24,80.4,,80.4
2023-10-25,79.85,,79.85
2023-10-26,79.48,,79.48
2023-10-27,79.41,,79.41
2023-10-30,79.78,76.57,79.78
2023-10-31,77.65,,77.65
2023-11-02,77.88,,77.88
2023-11-03,78.35,,78.35
2023-11-06,76.02,77.88,76.02
2023-11-07,75.58,,75.58
2023-11-08,74.56,,74.56
2023-11-09,75.75,,75.75
2023-11-10,76.46,,76.46
2023-11-13,77.01,76.07,77.01
2023-11-14,76.62,,76.62
2023-11-15,79.45,,79.45
2023-11-16,79.0,,79.0
2023-11-17,76.55,,76.55
2023-11-20,76.35,72.18,76.35
2023-11-21,75.69,,75.69
2023-11-22,74.84,,74.84
2023-11-23,74.5,,74.5
2023-11-24,75.9,,75.9
2023-11-27,74.57,69.22,74.57
2023-11-28,71.71,,71.71
2023-11-30,70.79,,70.79
2023-12-01,71.45,,71.45
2023-12-04,71.34,67.51,71.34
2023-12-05,69.94,,69.94
2023-12-06,68.71,,68.71
2023-12-07,68.76,,68.76
2023-12-08,69.84,,69.84
2023-12-11,67.82,69.08,67.82
2023-12-12,66.72,,66.72
2023-12-13,69.7,,69.7
2023-12-14,68.45,,68.45
2023-12-15,66.6,,66.6
2023-12-18,66.49,,66.49
2024-01-01,,76.37,76.37
2024-01-08,,69.62,69.62
2024-01-15,63.5,64.53,63.5
2024-01-16,63.2,,63.2
2024-01-17,62.96,,62.96
2024-01-18,61.28,,61.28
2024-01-19,61.93,,61.93
2024-01-22,59.74,63.54,59.74
2024-01-23,60.55,,60.55
2024-01-24,62.0,,62.0
2024-01-25,61.95,,61.95
2024-01-26,61.95,,61.95
2024-01-29,60.81,63.01,60.81
2024-01-30,59.82,,59.82
2024-01-31,62.27,,62.27
2024-02-01,61.09,,61.09
2024-02-02,60.92,,60.92
2024-02-05,60.68,61.65,60.68
2024-02-06,60.25,,60.25
2024-02-08,59.85,,59.85
2024-02-09,57.24,,57.24
2024-02-12,55.84,57.01,55.84
2024-02-13,54.24,,54.24
2024-02-14,54.07,,54.07
2024-02-15,54.87,,54.87
2024-02-16,55.12,,55.12
2024-02-19,53.0,53.48,53.0
2024-02-20,51.8,,51.8
2024-02-22,51.55,,51.55
2024-02-23,49.5,,49.5
2024-02-26,50.65,55.97,50.65
2024-02-27,51.12,,51.12
2024-02-28,54.94,,54.94
2024-02-29,54.9,,54.9
2024-03-01,53.6,,53.6
2024-03-04,51.76,58.87,51.76
2024-03-05,59.14,,59.14
2024-03-07,56.94,,56.94
2024-03-08,57.1,,57.1
2024-03-11,54.43,57.32,54.43
2024-03-12,54.21,,54.21
2024-03-13,54.92,,54.92
2024-03-14,54.25,,54.25
2024-03-15,57.75,,57.75
2024-03-18,59.42,60.69,59.42
2024-03-19,59.0,,59.0
2024-03-20,57.9,,57.9
2024-03-21,58.0,,58.0
2024-03-22,57.93,,57.93
2024-03-25,62.09,62.88,62.09
2024-03-26,63.25,,63.25
2024-03-27,60.56,,60.56
2024-03-28,59.86,,59.86
2024-04-01,,59.4,59.4
2024-04-02,57.07,,57.07
2024-04-04,56.37,,56.37
2024-04-05,57.17,,57.17
2024-04-08,58.41,66.01,58.41
2024-04-09,61.3,,61.3
2024-04-10,63.0,,63.0
2024-04-11,63.42,,63.42
2024-04-12,68.01,,68.01
2024-04-15,68.17,70.9,68.17
2024-04-16,70.61,,70.61
2024-04-18,67.15,,67.15
2024-04-19,67.77,,67.77
2024-04-22,65.1,66.76,65.1
2024-04-23,64.28,,64.28
2024-04-24,65.35,,65.35
2024-04-25,65.08,,65.08
2024-04-26,65.66,,65.66
2024-04-29,63.52,69.27,63.52
2024-04-30,65.26,,65.26
2024-05-02,68.1,,68.1
2024-05-03,71.18,,71.18
2024-05-06,70.3,72.21,70.3
2024-05-07,69.16,,69.16
2024-05-08,68.99,,68.99
2024-05-13,68.48,70.06,68.48
2024-05-14,67.67,,67.67
2024-05-15,69.35,,69.35
2024-05-16,68.26,,68.26
2024-05-17,69.46,,69.46
2024-05-20,71.24,75.62,71.24
2024-05-21,71.8,,71.8
2024-05-22,74.31,,74.31
2024-05-23,74.9,,74.9
2024-05-24,72.8,,72.8
2024-05-27,,74.85,74.85
2024-05-28,72.9,,72.9
2024-05-30,72.0,,72.0
2024-05-31,74.49,,74.49
2024-06-03,75.35,72.44,75.35
2024-06-04,71.5,,71.5
2024-06-05,70.3,,70.3
2024-06-06,71.0,,71.0
2024-06-07,69.9,,69.9
2024-06-10,67.82,70.23,67.82
2024-06-11,70.31,,70.31
2024-06-13,69.77,,69.77
2024-06-14,68.41,,68.41
2024-06-17,66.66,68.83,66.66
2024-06-18,66.97,,66.97
2024-06-19,67.75,,67.75
2024-06-20,68.61,,68.61
2024-06-21,67.36,,67.36
2024-06-24,66.06,67.27,66.06
2024-06-25,65.94,,65.94
2024-06-27,66.17,,66.17
2024-06-28,65.01,,65.01
2024-07-01,67.83,69.98,67.83
2024-07-02,66.71,,66.71
2024-07-03,68.84,,68.84
2024-07-04,68.71,,68.71
2024-07-05,68.68,,68.68
2024-07-08,70.0,68.61,70.0
2024-07-09,66.87,,66.87
2024-07-10,67.42,,67.42
2024-07-11,66.72,,66.72
2024-07-12,67.06,,67.06
2024-07-15,66.63,66.99,66.63
2024-07-16,66.16,,66.16
2024-07-17,66.66,,66.66
2024-07-18,64.96,,64.96
2024-07-19,64.73,,64.73
2024-07-22,64.37,66.71,64.37
2024-07-23,63.67,,63.67
2024-07-24,66.71,,66.71
2024-07-25,66.33,,66.33
2024-07-26,67.17,,67.17
2024-07-29,66.55,69.66,66.55
2024-07-30,67.85,,67.85
2024-07-31,68.07,,68.07
2024-08-01,69.76,,69.76
2024-08-02,67.02,,67.02
2024-08-05,68.65,70.09,68.65
2024-08-08,68.9,,68.9
2024-08-09,70.46,,70.46
2024-08-12,71.15,72.09,71.15
2024-08-13,70.82,,70.82
2024-08-14,70.59,,70.59
2024-08-15,69.85,,69.85
2024-08-16,71.0,,71.0
2024-08-19,71.5,72.21,71.5
2024-08-20,72.4,,72.4
2024-08-22,71.02,,71.02
2024-08-23,70.73,,70.73
2024-08-26,69.28,70.82,69.28
2024-08-27,70.17,,70.17
2024-08-28,70.39,,70.39
2024-08-29,69.5,,69.5
2024-08-30,70.07,,70.07
2024-09-02,69.3,67.66,69.3
2024-09-03,68.56,,68.56
2024-09-05,65.99,,65.99
2024-09-06,67.0,,67.0
2024-09-09,65.75,65.66,65.75
2024-09-10,65.83,,65.83
2024-09-11,64.75,,64.75
2024-09-12,65.1,,65.1
2024-09-13,64.89,,64.89
2024-09-16,64.94,63.49,64.94
2024-09-17,62.71,,62.71
2024-09-18,62.8,,62.8
2024-09-19,63.56,,63.56
2024-09-20,63.18,,63.18
2024-09-23,64.0,65.21,64.0
2024-09-24,63.91,,63.91
2024-09-25,63.55,,63.55
2024-09-26,63.88,,63.88
2024-09-27,65.45,,65.45
2024-09-30,65.69,63.32,65.69
2024-10-01,63.19,,63.19
2024-10-02,62.89,,62.89
2024-10-03,62.02,,62.02
2024-10-04,61.03,,61.03
2024-10-07,60.15,62.74,60.15
2024-10-08,59.85,,59.85
2024-10-09,61.18,,61.18
2024-10-10,63.3,,63.3
2024-10-11,63.71,,63.71
2024-10-14,65.0,63.87,65.0
2024-10-15,64.08,,64.08
2024-10-16,64.14,,64.14
2024-10-17,63.1,,63.1
2024-10-18,61.9,,61.9
2024-10-21,62.3,64.5,62.3
2024-10-22,61.22,,61.22
2024-10-23,63.75,,63.75
2024-10-24,64.6,,64.6
2024-10-25,66.32,,66.32
2024-10-28,64.38,65.52,64.38
2024-10-29,66.42,,66.42
2024-10-31,64.78,,64.78
2024-11-01,64.46,,64.46
2024-11-04,64.68,65.47,64.68
2024-11-05,65.06,,65.06
2024-11-06,62.94,,62.94
2024-11-07,65.35,,65.35
2024-11-08,66.2,,66.2
2024-11-11,67.6,67.54,67.6
2024-11-12,65.92,,65.92
2024-11-13,65.86,,65.86
2024-11-14,67.15,,67.15
2024-11-15,66.78,,66.78
2024-11-18,67.7,69.06,67.7
2024-11-19,69.05,,69.05
2024-11-20,68.02,,68.02
2024-11-21,68.79,,68.79
2024-11-22,69.71,,69.71
2024-11-25,69.32,68.72,69.32
2024-11-26,69.37,,69.37
2024-11-28,67.91,,67.91
2024-11-29,67.3,,67.3
2024-12-02,69.4,68.17,69.4
2024-12-03,68.12,,68.12
2024-12-04,67.42,,67.42
2024-12-05,67.62,,67.62
2024-12-06,67.25,,67.25
2024-12-09,67.7,66.74,67.7
2024-12-10,67.0,,67.0
2024-12-11,69.17,,69.17
2024-12-12,67.95,,67.95
2024-12-13,66.07,,66.07
2024-12-16,63.64,63.32,63.64
2024-12-30,,75.56,75.56
2025-01-06,,73.78,73.78
2025-01-07,71.02,,71.02
2025-01-08,71.5,,71.5
2025-01-09,70.01,,70.01
2025-01-10,70.63,,70.63
2025-01-13,74.4,77.89,74.4
2025-01-14,74.45,,74.45
2025-01-16,75.7,,75.7
2025-01-17,77.3,,77.3
2025-01-20,76.4,80.33,76.4
2025-01-21,77.3,,77.3
2025-01-22,76.71,,76.71
2025-01-23,79.06,,79.06
2025-01-24,78.43,,78.43
2025-01-27,77.7,81.83,77.7
2025-01-28,77.06,,77.06
2025-01-30,81.57,,81.57
2025-01-31,81.11,,81.11
2025-02-03,80.39,81.43,80.39
2025-02-04,79.06,,79.06
2025-02-05,77.87,,77.87
2025-02-06,79.75,,79.75
2025-02-07,80.71,,80.71
2025-02-10,81.27,80.72,81.27
2025-02-11,80.08,,80.08
2025-02-13,76.77,,76.77
2025-02-14,75.84,,75.84
2025-02-17,77.02,74.71,77.02
2025-02-18,74.53,,74.53
2025-02-19,72.9,,72.9
2025-02-20,71.21,,71.21
2025-02-21,73.01,,73.01
2025-02-24,70.8,72.04,70.8
2025-02-25,71.15,,71.15
2025-02-27,69.96,,69.96
2025-02-28,70.65,,70.65
2025-03-03,70.31,68.96,70.31
2025-03-04,68.1,,68.1
2025-03-05,67.99,,67.99
2025-03-06,66.58,,66.58
2025-03-07,67.77,,67.77
2025-03-10,68.18,69.69,68.18
2025-03-11,67.02,,67.02
2025-03-13,68.2,,68.2
2025-03-14,68.65,,68.65
2025-03-17,68.53,71.86,68.53
2025-03-18,68.66,,68.66
2025-03-19,71.35,,71.35
2025-03-20,71.54,,71.54
2025-03-21,71.56,,71.56
2025-03-24,69.85,70.03,69.85
2025-03-25,69.61,,69.61
2025-03-27,68.41,,68.41
2025-03-28,67.36,,67.36
2025-03-31,66.8,67.25,66.8
2025-04-01,66.71,,66.71
2025-04-02,68.62,,68.62
2025-04-03,65.75,,65.75
2025-04-04,63.8,,63.8
2025-04-07,59.76,62.56,59.76
2025-04-08,60.35,,60.35
2025-04-10,62.08,,62.08
2025-04-11,61.01,,61.01
2025-04-14,64.6,66.39,64.6
2025-04-15,66.21,,66.21
2025-04-16,65.98,,65.98
2025-04-17,65.06,,65.06
2025-04-21,,65.98,65.98
2025-04-22,63.3,,63.3
2025-04-24,63.93,,63.93
2025-04-25,65.89,,65.89
2025-04-28,64.2,66.5,64.2
2025-04-29,63.55,,63.55
2025-04-30,65.05,,65.05
2025-05-05,66.64,69.78,66.64
2025-05-06,67.88,,67.88
2025-05-08,70.3,,70.3
2025-05-09,70.2,,70.2
2025-05-12,71.01,72.61,71.01
2025-05-13,71.69,,71.69
2025-05-14,71.85,,71.85
2025-05-15,70.11,,70.11
2025-05-16,72.94,,72.94
2025-05-19,69.44,72.01,69.44
2025-05-20,70.69,,70.69
2025-05-22,71.84,,71.84
2025-05-23,71.11,,71.11
2025-05-26,,71.64,71.64
2025-05-27,71.51,,71.51
2025-05-28,70.54,,70.54
2025-06-02,70.58,72.47,70.58
2025-06-03,70.61,,70.61
2025-06-05,72.54,,72.54
2025-06-06,72.3,,72.3
2025-06-09,,74.52,74.52
2025-06-10,72.16,,72.16
2025-06-11,73.5,,73.5
2025-06-12,72.71,,72.71
2025-06-13,75.36,,75.36
2025-06-16,74.51,74.06,74.51
2025-06-17,74.05,,74.05
2025-06-19,73.48,,73.48
2025-06-20,71.97,,71.97
2025-06-23,72.0,71.86,72.0
2025-06-24,72.91,,72.91
2025-06-25,71.72,,71.72
2025-06-26,69.46,,69.46
2025-06-27,69.4,,69.4
2025-06-30,68.95,71.04,68.95
2025-07-01,69.01,,69.01
2025-07-03,70.52,,70.52
2025-07-04,70.85,,70.85
2025-07-07,70.34,70.66,70.34
2025-07-08,69.96,,69.96
2025-07-09,69.88,,69.88
2025-07-10,70.44,,70.44
2025-07-11,69.3,,69.3
2025-07-14,70.42,70.74,70.42
2025-07-15,69.76,,69.76
2025-07-17,70.05,,70.05
2025-07-18,69.68,,69.68
2025-07-21,69.53,70.1,69.53
2025-07-22,68.73,,68.73
2025-07-23,69.1,,69.1
2025-07-24,68.89,,68.89
2025-07-25,70.22,,70.22
2025-07-28,70.63,72.06,70.63
2025-07-29,70.53,,70.53
2025-07-31,72.0,,72.0
2025-08-01,71.14,,71.14
2025-08-04,69.52,71.68,69.52
2025-08-05,70.07,,70.07
2025-08-06,70.74,,70.74
2025-08-07,70.1,,70.1
2025-08-08,72.14,,72.14
2025-08-11,72.18,71.45,72.18
2025-08-12,71.3,,71.3
2025-08-14,70.54,,70.54
2025-08-15,70.13,,70.13
2025-08-18,70.21,71.88,70.21
2025-08-19,71.37,,71.37
2025-08-20,70.47,,70.47
2025-08-21,71.19,,71.19
2025-08-22,72.05,,72.05
2025-08-25,71.36,72.38,71.36
2025-08-26,71.31,,71.31
2025-08-28,71.18,,71.18
2025-08-29,71.3,,71.3
2025-09-01,73.14,74.8,73.14
2025-09-02,73.5,,73.5
2025-09-03,73.27,,73.27
2025-09-04,74.38,,74.38
2025-09-05,75.44,,75.44
2025-09-08,75.21,76.5,75.21
2025-09-09,76.4,,76.4
2025-09-11,76.07,,76.07
2025-09-12,75.02,,75.02
2025-09-15,75.02,77.33,75.02
2025-09-16,76.17,,76.17
2025-09-17,77.53,,77.53
2025-09-18,77.22,,77.22
2025-09-19,76.57,,76.57
2025-09-22,76.8,76.15,76.8
2025-09-23,75.6,,75.6
2025-09-25,75.56,,75.56
2025-09-26,75.17,,75.17
2025-09-29,75.2,77.09,75.2
2025-09-30,75.95,,75.95
2025-10-01,74.3,,74.3
2025-10-02,76.05,,76.05
2025-10-06,79.19,79.0,79.19
2025-10-07,78.3,,78.3
2025-10-08,77.39,,77.39
2025-10-09,77.95,,77.95
2025-10-10,79.22,,79.22
2025-10-13,78.66,78.38,78.66
2025-10-14,76.91,,76.91
2025-10-15,76.58,,76.58
2025-10-16,77.82,,77.82
2025-10-17,77.99,,77.99
2025-10-20,78.75,78.92,78.75
2025-10-21,78.94,,78.94
2025-10-23,78.54,,78.54
2025-10-24,78.47,,78.47
2025-10-27,77.56,78.42,77.56
2025-10-28,77.85,,77.85
2025-10-29,78.55,,78.55
2025-10-30,78.71,,78.71
2025-10-31,78.66,,78.66
2025-11-03,79.3,80.93,79.3
2025-11-04,81.26,,81.26
2025-11-06,80.07,,80.07
2025-11-07,79.76,,79.76
2025-11-10,79.97,80.96,79.97
2025-11-11,79.91,,79.91
2025-11-12,81.51,,81.51
2025-11-13,81.31,,81.31
2025-11-14,80.85,,80.85
2025-11-17,80.25,80.71,80.25
2025-11-18,80.41,,80.41
2025-11-20,81.16,,81.16
2025-11-21,80.47,,80.47
2025-11-24,80.0,81.93,80.0
2025-11-25,81.19,,81.19
2025-11-26,81.51,,81.51
2025-11-27,81.07,,81.07
2025-11-28,82.6,,82.6
2025-12-01,83.01,82.13,83.01
2025-12-02,82.19,,82.19
2025-12-04,81.39,,81.39
2025-12-05,82.25,,82.25
2025-12-08,82.17,82.99,82.17
2025-12-09,82.22,,82.22
2025-12-10,82.18,,82.18
2025-12-11,83.77,,83.77
2025-12-12,83.65,,83.65
2025-12-15,84.6,85.0,84.6
2026-01-07,86.27,,86.27
2026-01-08,85.47,,85.47
2026-01-09,87.0,,87.0
2026-01-12,87.87,,87.87
2026-01-13,88.71,,88.71
2026-01-15,91.32,,91.32
2026-01-16,91.34,,91.34
2026-01-19,87.34,,87.34
2026-01-20,84.58,,84.58
2026-01-21,83.55,,83.55
2026-01-22,86.55,,86.55
2026-01-23,87.51,,87.51
2026-01-26,86.4,,86.4
2026-01-27,85.93,,85.93
2026-01-29,82.58,,82.58
2026-01-30,81.68,,81.68
2026-02-02,80.57,,80.57
2026-02-03,81.7,,81.7
2026-02-04,80.8,,80.8
2026-02-05,80.55,,80.55
2026-02-06,77.23,,77.23
2026-02-09,78.53,,78.53
2026-02-10,79.2,,79.2
2026-02-12,70.89,,70.89
2026-02-13,71.5,,71.5
2026-02-16,69.8,,69.8
2026-02-17,67.82,,67.82
2026-02-18,69.22,,69.22
2026-02-19,70.51,,70.51
2026-02-20,70.87,,70.87
2026-02-23,70.4,,70.4
2026-02-24,69.7,,69.7
2026-02-26,68.37,,68.37
2026-02-27,70.26,,70.26
2026-03-02,68.42,,68.42
2026-03-03,68.77,,68.77
2026-03-04,70.75,,70.75
2026-03-05,68.99,,68.99
2026-03-06,69.66,,69.66
2026-03-09,68.53,,68.53
2026-03-10,71.1,,71.1
2026-03-12,70.58,,70.58
2026-03-13,67.07,,67.07
2026-03-16,68.41,,68.41
2026-03-17,64.52,,64.52
2026-03-18,65.16,,65.16
2026-03-19,62.19,,62.19
2026-03-20,66.69,,66.69
2026-03-23,64.7,,64.7
2026-03-24,67.06,,67.06
2026-03-26,69.12,,69.12
2026-03-27,70.55,,70.55
2026-03-30,70.0,,70.0
2026-03-31,71.13,,71.13
2026-04-01,71.56,,71.56
2026-04-02,71.71,,71.71
2026-04-07,70.6,,70.6
2026-04-09,70.67,,70.67
2026-04-10,72.0,,72.0
2026-04-13,70.62,,70.62
2026-04-14,72.1,,72.1
2026-04-15,73.57,,73.57
2026-04-16,72.4,,72.4
2026-04-17,75.9,,75.9
2026-04-20,74.84,,74.84
2026-04-21,73.9,,73.9
2026-04-23,73.63,,73.63
2026-04-24,74.03,,74.03
2026-04-27,73.2,,73.2
2026-04-28,74.14,,74.14
2026-04-29,73.96,,73.96
2026-04-30,71.8,,71.8
2026-05-04,72.65,,72.65
2026-05-05,72.63,,72.63
2026-05-07,74.72,,74.72
2026-05-08,74.16,,74.16
2026-05-11,73.82,,73.82
2026-05-12,75.0,,75.0
2026-05-13,73.31,,73.31
2026-05-18,74.75,,74.75
2026-05-19,74.26,,74.26
2026-05-21,73.85,,73.85
2026-05-22,74.4,,74.4
2026-05-26,75.7,,75.7
2026-05-27,77.96,,77.96
2026-05-28,77.67,,77.67
2026-05-29,79.37,,79.37
2026-06-01,78.2,,78.2
2026-06-02,77.15,,77.15
2026-06-04,76.96,,76.96
2026-06-05,76.3,,76.3
2026-06-08,75.08,,75.08
2026-06-09,75.11,,75.11
2026-06-10,74.97,,74.97
2026-06-11,75.62,,75.62
2026-06-12,76.82,,76.82
2026-06-15,77.01,,77.01
2026-06-16,78.61,,78.61
2026-06-18,78.57,,78.57
2026-06-19,79.12,,79.12
2026-06-22,79.04,,79.04
2026-06-23,80.1,,80.1
2026-06-24,80.43,,80.43
2026-06-25,80.38,,80.38
2026-06-26,79.72,,79.72
2026-06-29,79.01,,79.01
2026-06-30,78.13,,78.13
